1;https://www.pealim.com/dict/608-lehachalif/;HIF'IL;to exchange, to swap;מַחֲלִיף;מַחֲלִיפָה;מַחֲלִיפִים;מַחֲלִיפוֹת;הֶחֱלַפְתִּי;הֶחֱלַפְנוּ;הֶחֱלַפְתָּ;הֶחֱלַפְתְּ;הֶחֱלַפְתֶּם;הֶחֱלַפְתֶּן;הֶחֱלִיף;הֶחֱלִיפָה;הֶחֱלִיפוּ;אַחֲלִיף;נַחֲלִיף;תַּחֲלִיף;תַּחֲלִיפִי;תַּחֲלִיפוּ;תַּחֲלֵפְנָה;יַחֲלִיף;תַּחֲלִיף;יַחֲלִיפוּ;תַּחֲלֵפְנָה;הַחֲלֵף!‏;הַחֲלִיפִי!‏;הַחֲלִיפוּ!‏;הַחֲלֵפְנָה!‏;לְהַחֲלִיף;ח - ל - ף
2;https://www.pealim.com/dict/1200-lehatnia/;HIF'IL;to start (an engine, car);מַתְנִיעַ;מַתְנִיעָה;מַתְנִיעִים;מַתְנִיעוֹת;הִתְנַעְתִּי;הִתְנַעְנוּ;הִתְנַעְתָּ;הִתְנַעְתְּ;הִתְנַעְתֶּם;הִתְנַעְתֶּן;הִתְנִיעַ;הִתְנִיעָה;הִתְנִיעוּ;אַתְנִיעַ;נַתְנִיעַ;תַּתְנִיעַ;תַּתְנִיעִי;תַּתְנִיעוּ;תַּתְנַעְנָה;יַתְנִיעַ;תַּתְנִיעַ;יַתְנִיעוּ;תַּתְנַעְנָה;הַתְנֵעַ!‏;הַתְנִיעִי!‏;הַתְנִיעוּ!‏;הַתְנַעְנָה!‏;לְהַתְנִיעַ;ת - נ - ע
3;https://www.pealim.com/dict/1659-lehafil/;HIF'IL;"to turn on (a machine), to activate; to encourage";מַפְעִיל;מַפְעִילָה;מַפְעִילִים;מַפְעִילוֹת;הִפְעַלְתִּי;הִפְעַלְנוּ;הִפְעַלְתָּ;הִפְעַלְתְּ;הִפְעַלְתֶּם;הִפְעַלְתֶּן;הִפְעִיל;הִפְעִילָה;הִפְעִילוּ;אַפְעִיל;נַפְעִיל;תַּפְעִיל;תַּפְעִילִי;תַּפְעִילוּ;תַּפְעֵלְנָה;יַפְעִיל;תַּפְעִיל;יַפְעִילוּ;תַּפְעֵלְנָה;הַפְעֵל!‏;הַפְעִילִי!‏;הַפְעִילוּ!‏;הַפְעֵלְנָה!‏;לְהַפְעִיל;פ - ע - ל
4;https://www.pealim.com/dict/423-lehadlik/;HIF'IL;"to set on fire, to ignite; to turn on, to switch on";מַדְלִיק;מַדְלִיקָה;מַדְלִיקִים;מַדְלִיקוֹת;הִדְלַקְתִּי;הִדְלַקְנוּ;הִדְלַקְתָּ;הִדְלַקְתְּ;הִדְלַקְתֶּם;הִדְלַקְתֶּן;הִדְלִיק;הִדְלִיקָה;הִדְלִיקוּ;אַדְלִיק;נַדְלִיק;תַּדְלִיק;תַּדְלִיקִי;תַּדְלִיקוּ;תַּדְלֵקְנָה;יַדְלִיק;תַּדְלִיק;יַדְלִיקוּ;תַּדְלֵקְנָה;הַדְלֵק!‏;הַדְלִיקִי!‏;הַדְלִיקוּ!‏;הַדְלֵקְנָה!‏;לְהַדְלִיק;ד - ל - ק
5;https://www.pealim.com/dict/509-lehazmin/;HIF'IL;to invite, to order;מַזְמִין;מַזְמִינָה;מַזְמִינִים;מַזְמִינוֹת;הִזְמַנְתִּי;הִזְמַנּוּ;הִזְמַנְתָּ;הִזְמַנְתְּ;הִזְמַנְתֶּם;הִזְמַנְתֶּן;הִזְמִין;הִזְמִינָה;הִזְמִינוּ;אַזְמִין;נַזְמִין;תַּזְמִין;תַּזְמִינִי;תַּזְמִינוּ;תַּזְמֵנָּה;יַזְמִין;תַּזְמִין;יַזְמִינוּ;תַּזְמֵנָּה;הַזְמֵן!‏;הַזְמִינִי!‏;הַזְמִינוּ!‏;הַזְמֵנָּה!‏;לְהַזְמִין;ז - מ - ן
6;https://www.pealim.com/dict/35-lehazkir/;HIF'IL;to remind;מַזְכִּיר;מַזְכִּירָה;מַזְכִּירִים;מַזְכִּירוֹת;הִזְכַּרְתִּי;הִזְכַּרְנוּ;הִזְכַּרְתָּ;הִזְכַּרְתְּ;הִזְכַּרְתֶּם;הִזְכַּרְתֶּן;הִזְכִּיר;הִזְכִּירָה;הִזְכִּירוּ;אַזְכִּיר;נַזְכִּיר;תַּזְכִּיר;תַּזְכִּירִי;תַּזְכִּירוּ;תַּזְכֵּרְנָה;יַזְכִּיר;תַּזְכִּיר;יַזְכִּירוּ;תַּזְכֵּרְנָה;הַזְכֵּר!‏;הַזְכִּירִי!‏;הַזְכִּירוּ!‏;הַזְכֵּרְנָה!‏;לְהַזְכִּיר;ז - כ - ר
7;https://www.pealim.com/dict/603-lehachlit/;HIF'IL;to decide;מַחְלִיט;מַחְלִיטָה;מַחְלִיטִים;מַחְלִיטוֹת;הֶחְלַטְתִּי;הֶחְלַטְנוּ;הֶחְלַטְתָּ;הֶחְלַטְתְּ;הֶחְלַטְתֶּם;הֶחְלַטְתֶּן;הֶחְלִיט;הֶחְלִיטָה;הֶחְלִיטוּ;אַחְלִיט;נַחְלִיט;תַּחְלִיט;תַּחְלִיטִי;תַּחְלִיטוּ;תַּחְלֵטְנָה;יַחְלִיט;תַּחְלִיט;יַחְלִיטוּ;תַּחְלֵטְנָה;הַחְלֵט!‏;הַחְלִיטִי!‏;הַחְלִיטוּ!‏;הַחְלֵטְנָה!‏;לְהַחְלִיט;ח - ל - ט
8;https://www.pealim.com/dict/44-lehakir/;HIF'IL;to know, to be acquainted, to get acquainted (את);מַכִּיר;מַכִּירָה;מַכִּירִים;מַכִּירוֹת;הִכַּרְתִּי;הִכַּרְנוּ;הִכַּרְתָּ;הִכַּרְתְּ;הִכַּרְתֶּם;הִכַּרְתֶּן;הִכִּיר;הִכִּירָה;הִכִּירוּ;אַכִּיר;נַכִּיר;תַּכִּיר;תַּכִּירִי;תַּכִּירוּ;תַּכֵּרְנָה;יַכִּיר;תַּכִּיר;יַכִּירוּ;תַּכֵּרְנָה;הַכֵּר!‏;הַכִּירִי!‏;הַכִּירוּ!‏;הַכֵּרְנָה!‏;לְהַכִּיר;נ - כ - ר
9;https://www.pealim.com/dict/870-lehatzig/;HIF'IL;to show, to present;מַצִּיג;מַצִּיגָה;מַצִּיגִים;מַצִּיגוֹת;הִצַּגְתִּי;הִצַּגְנוּ;הִצַּגְתָּ;הִצַּגְתְּ;הִצַּגְתֶּם;הִצַּגְתֶּן;הִצִּיג;הִצִּיגָה;הִצִּיגוּ;אַצִּיג;נַצִּיג;תַּצִּיג;תַּצִּיגִי;תַּצִּיגוּ;תַּצֵּגְנָה;יַצִּיג;תַּצִּיג;יַצִּיגוּ;תַּצֵּגְנָה;הַצֵּג!‏;הַצִּיגִי!‏;הַצִּיגוּ!‏;הַצֵּגְנָה!‏;לְהַצִּיג;י - צ - ג
10;https://www.pealim.com/dict/114-lehaamin/;HIF'IL;to believe, to trust;מַאֲמִין;מַאֲמִינָה;מַאֲמִינִים;מַאֲמִינוֹת;הֶאֱמַנְתִּי;הֶאֱמַנּוּ;הֶאֱמַנְתָּ;הֶאֱמַנְתְּ;הֶאֱמַנְתֶּם;הֶאֱמַנְתֶּן;הֶאֱמִין;הֶאֱמִינָה;הֶאֱמִינוּ;אַאֲמִין;נַאֲמִין;תַּאֲמִין;תַּאֲמִינִי;תַּאֲמִינוּ;תַּאֲמֵנָּה;יַאֲמִין;תַּאֲמִין;יַאֲמִינוּ;תַּאֲמֵנָּה;הַאֲמֵן!‏;הַאֲמִינִי!‏;הַאֲמִינוּ!‏;הַאֲמֵנָּה!‏;לְהַאֲמִין;א - מ - ן
11;https://www.pealim.com/dict/1993-lehargish/;HIF'IL;"to feel, to sense; to feel (good, bad, sick, etc.)";מַרְגִּישׁ;מַרְגִּישָׁה;מַרְגִּישִׁים;מַרְגִּישׁוֹת;הִרְגַּשְׁתִּי;הִרְגַּשְׁנוּ;הִרְגַּשְׁתָּ;הִרְגַּשְׁתְּ;הִרְגַּשְׁתֶּם;הִרְגַּשְׁתֶּן;הִרְגִּישׁ;הִרְגִּישָׁה;הִרְגִּישׁוּ;אַרְגִּישׁ;נַרְגִּישׁ;תַּרְגִּישׁ;תַּרְגִּישִׁי;תַּרְגִּישׁוּ;תַּרְגֵּשְׁנָה;יַרְגִּישׁ;תַּרְגִּישׁ;יַרְגִּישׁוּ;תַּרְגֵּשְׁנָה;הַרְגֵּשׁ!‏;הַרְגִּישִׁי!‏;הַרְגִּישׁוּ!‏;הַרְגֵּשְׁנָה!‏;לְהַרְגִּישׁ;ר - ג - שׁ
12;https://www.pealim.com/dict/581-lehachazir/;HIF'IL;to return (transitive);מַחֲזִיר;מַחֲזִירָה;מַחֲזִירִים;מַחֲזִירוֹת;הֶחֱזַרְתִּי;הֶחֱזַרְנוּ;הֶחֱזַרְתָּ;הֶחֱזַרְתְּ;הֶחֱזַרְתֶּם;הֶחֱזַרְתֶּן;הֶחֱזִיר;הֶחֱזִירָה;הֶחֱזִירוּ;אַחֲזִיר;נַחֲזִיר;תַּחֲזִיר;תַּחֲזִירִי;תַּחֲזִירוּ;תַּחֲזֵרְנָה;יַחֲזִיר;תַּחֲזִיר;יַחֲזִירוּ;תַּחֲזֵרְנָה;הַחֲזֵר!‏;הַחֲזִירִי!‏;הַחֲזִירוּ!‏;הַחֲזֵרְנָה!‏;לְהַחֲזִיר;ח - ז - ר
13;https://www.pealim.com/dict/2359-lehatchil/;HIF'IL;to start, to begin;מַתְחִיל;מַתְחִילָה;מַתְחִילִים;מַתְחִילוֹת;הִתְחַלְתִּי;הִתְחַלְנוּ;הִתְחַלְתָּ;הִתְחַלְתְּ;הִתְחַלְתֶּם;הִתְחַלְתֶּן;הִתְחִיל;הִתְחִילָה;הִתְחִילוּ;אַתְחִיל;נַתְחִיל;תַּתְחִיל;תַּתְחִילִי;תַּתְחִילוּ;תַּתְחֵלְנָה;יַתְחִיל;תַּתְחִיל;יַתְחִילוּ;תַּתְחֵלְנָה;הַתְחֵל!‏;הַתְחִילִי!‏;הַתְחִילוּ!‏;הַתְחֵלְנָה!‏;לְהַתְחִיל;ת - ח - ל
14;https://www.pealim.com/dict/1961-lehakshiv/;HIF'IL;"to listen; to pay attention";מַקְשִׁיב;מַקְשִׁיבָה;מַקְשִׁיבִים;מַקְשִׁיבוֹת;הִקְשַׁבְתִּי;הִקְשַׁבְנוּ;הִקְשַׁבְתָּ;הִקְשַׁבְתְּ;הִקְשַׁבְתֶּם;הִקְשַׁבְתֶּן;הִקְשִׁיב;הִקְשִׁיבָה;הִקְשִׁיבוּ;אַקְשִׁיב;נַקְשִׁיב;תַּקְשִׁיב;תַּקְשִׁיבִי;תַּקְשִׁיבוּ;תַּקְשֵׁבְנָה;יַקְשִׁיב;תַּקְשִׁיב;יַקְשִׁיבוּ;תַּקְשֵׁבְנָה;הַקְשֵׁב!‏;הַקְשִׁיבִי!‏;הַקְשִׁיבוּ!‏;הַקְשֵׁבְנָה!‏;לְהַקְשִׁיב;ק - שׁ - ב
15;https://www.pealim.com/dict/2436-leharot/;HIF'IL;to show, to demonstrate;מַרְאֶה;מַרְאָה;מַרְאִים;מַרְאוֹת;הֶרְאֵיתִי;הֶרְאֵינוּ;הֶרְאֵיתָ;הֶרְאֵית;הֶרְאֵיתֶם;הֶרְאֵיתֶן;הֶרְאָה;הֶרְאֲתָה;הֶרְאוּ;אַרְאֶה;נַרְאֶה;תַּרְאֶה;תַּרְאִי;תַּרְאוּ;תַּרְאֶינָה;יַרְאֶה;תַּרְאֶה;יַרְאוּ;תַּרְאֶינָה;הַרְאֵה!‏;הַרְאִי!‏;הַרְאוּ!‏;הַרְאֶינָה!‏;לְהַרְאוֹת;ר - א - ה
16;https://www.pealim.com/dict/818-lehosif/;HIF'IL;to add, to continue;מוֹסִיף;מוֹסִיפָה;מוֹסִיפִים;מוֹסִיפוֹת;הוֹסַפְתִּי;הוֹסַפְנוּ;הוֹסַפְתָּ;הוֹסַפְתְּ;הוֹסַפְתֶּם;הוֹסַפְתֶּן;הוֹסִיף;הוֹסִיפָה;הוֹסִיפוּ;אוֹסִיף;נוֹסִיף;תּוֹסִיף;תּוֹסִיפִי;תּוֹסִיפוּ;תּוֹסֵפְנָה;יוֹסִיף;תּוֹסִיף;יוֹסִיפוּ;תּוֹסֵפְנָה;הוֹסֵף!‏;הוֹסִיפִי!‏;הוֹסִיפוּ!‏;הוֹסֵפְנָה!‏;לְהוֹסִיף;י - ס - ף
17;https://www.pealim.com/dict/1141-lehagia/;HIF'IL;to arrive, to come, to reach;מַגִּיעַ;מַגִּיעָה;מַגִּיעִים;מַגִּיעוֹת;הִגַּעְתִּי;הִגַּעְנוּ;הִגַּעְתָּ;הִגַּעְתְּ;הִגַּעְתֶּם;הִגַּעְתֶּן;הִגִּיעַ;הִגִּיעָה;הִגִּיעוּ;אַגִּיעַ;נַגִּיעַ;תַּגִּיעַ;תַּגִּיעִי;תַּגִּיעוּ;תַּגַּעְנָה;יַגִּיעַ;תַּגִּיעַ;יַגִּיעוּ;תַּגַּעְנָה;הַגֵּעַ!‏;הַגִּיעִי!‏;הַגִּיעוּ!‏;הַגַּעְנָה!‏;לְהַגִּיעַ;נ - ג - ע
18;https://www.pealim.com/dict/4947-leharkiv/;HIF'IL;"to assemble, to put together; to put on, to wear (glasses)";מַרְכִּיב;מַרְכִּיבָה;מַרְכִּיבִים;מַרְכִּיבוֹת;הִרְכַּבְתִּי;הִרְכַּבְנוּ;הִרְכַּבְתָּ;הִרְכַּבְתְּ;הִרְכַּבְתֶּם;הִרְכַּבְתֶּן;הִרְכִּיב;הִרְכִּיבָה;הִרְכִּיבוּ;אַרְכִּיב;נַרְכִּיב;תַּרְכִּיב;תַּרְכִּיבִי;תַּרְכִּיבוּ;תַּרְכֵּבְנָה;יַרְכִּיב;תַּרְכִּיב;יַרְכִּיבוּ;תַּרְכֵּבְנָה;הַרְכֵּב!‏;הַרְכִּיבִי!‏;הַרְכִּיבוּ!‏;הַרְכֵּבְנָה!‏;לְהַרְכִּיב;ר - כ - ב
19;https://www.pealim.com/dict/1354-lehaskim/;HIF'IL;to agree, to consent;מַסְכִּים;מַסְכִּימָה;מַסְכִּימִים;מַסְכִּימוֹת;הִסְכַּמְתִּי;הִסְכַּמְנוּ;הִסְכַּמְתָּ;הִסְכַּמְתְּ;הִסְכַּמְתֶּם;הִסְכַּמְתֶּן;הִסְכִּים;הִסְכִּימָה;הִסְכִּימוּ;אַסְכִּים;נַסְכִּים;תַּסְכִּים;תַּסְכִּימִי;תַּסְכִּימוּ;תַּסְכֵּמְנָה;יַסְכִּים;תַּסְכִּים;יַסְכִּימוּ;תַּסְכֵּמְנָה;הַסְכֵּם!‏;הַסְכִּימִי!‏;הַסְכִּימוּ!‏;הַסְכֵּמְנָה!‏;לְהַסְכִּים;ס - כ - ם
20;https://www.pealim.com/dict/2345-lehatim/;HIF'IL;to fit, to be the right size, to match;מַתְאִים;מַתְאִימָה;מַתְאִימִים;מַתְאִימוֹת;הִתְאַמְתִּי;הִתְאַמְנוּ;הִתְאַמְתָּ;הִתְאַמְתְּ;הִתְאַמְתֶּם;הִתְאַמְתֶּן;הִתְאִים;הִתְאִימָה;הִתְאִימוּ;אַתְאִים;נַתְאִים;תַּתְאִים;תַּתְאִימִי;תַּתְאִימוּ;תַּתְאֵמְנָה;יַתְאִים;תַּתְאִים;יַתְאִימוּ;תַּתְאֵמְנָה;הַתְאֵם!‏;הַתְאִימִי!‏;הַתְאִימוּ!‏;הַתְאֵמְנָה!‏;לְהַתְאִים;ת - א - ם
21;https://www.pealim.com/dict/833-lehotzi/;HIF'IL;"to bring out; to remove; to publish (להוציא לאור)";מוֹצִיא;מוֹצִיאָה;מוֹצִיאִים;מוֹצִיאוֹת;הוֹצֵאתִי;הוֹצֵאנוּ;הוֹצֵאתָ;הוֹצֵאת;הוֹצֵאתֶם;הוֹצֵאתֶן;הוֹצִיא;הוֹצִיאָה;הוֹצִיאוּ;אוֹצִיא;נוֹצִיא;תּוֹצִיא;תּוֹצִיאִי;תּוֹצִיאוּ;תּוֹצֵאנָה;יוֹצִיא;תּוֹצִיא;יוֹצִיאוּ;תּוֹצֵאנָה;הוֹצֵא!‏;הוֹצִיאִי!‏;הוֹצִיאוּ!‏;הוֹצֶאנָה!‏;לְהוֹצִיא;י - צ - א
22;https://www.pealim.com/dict/1118-lehamtin/;HIF'IL;to await, to wait;מַמְתִּין;מַמְתִּינָה;מַמְתִּינִים;מַמְתִּינוֹת;הִמְתַּנְתִּי;הִמְתַּנּוּ;הִמְתַּנְתָּ;הִמְתַּנְתְּ;הִמְתַּנְתֶּם;הִמְתַּנְתֶּן;הִמְתִּין;הִמְתִּינָה;הִמְתִּינוּ;אַמְתִּין;נַמְתִּין;תַּמְתִּין;תַּמְתִּינִי;תַּמְתִּינוּ;תַּמְתֵּנָּה;יַמְתִּין;תַּמְתִּין;יַמְתִּינוּ;תַּמְתֵּנָּה;הַמְתֵּן!‏;הַמְתִּינִי!‏;הַמְתִּינוּ!‏;הַמְתֵּנָּה!‏;לְהַמְתִּין;מ - ת - ן
23;https://www.pealim.com/dict/1657-lehafsik/;HIF'IL;to stop, to discontinue, to interrupt;מַפְסִיק;מַפְסִיקָה;מַפְסִיקִים;מַפְסִיקוֹת;הִפְסַקְתִּי;הִפְסַקְנוּ;הִפְסַקְתָּ;הִפְסַקְתְּ;הִפְסַקְתֶּם;הִפְסַקְתֶּן;הִפְסִיק;הִפְסִיקָה;הִפְסִיקוּ;אַפְסִיק;נַפְסִיק;תַּפְסִיק;תַּפְסִיקִי;תַּפְסִיקוּ;תַּפְסֵקְנָה;יַפְסִיק;תַּפְסִיק;יַפְסִיקוּ;תַּפְסֵקְנָה;הַפְסֵק!‏;הַפְסִיקִי!‏;הַפְסִיקוּ!‏;הַפְסֵקְנָה!‏;לְהַפְסִיק;פ - ס - ק
24;https://www.pealim.com/dict/1680-lehafkid/;HIF'IL;"to deposit, to check (baggage); to appoint";מַפְקִיד;מַפְקִידָה;מַפְקִידִים;מַפְקִידוֹת;הִפְקַדְתִּי;הִפְקַדְנוּ;הִפְקַדְתָּ;הִפְקַדְתְּ;הִפְקַדְתֶּם;הִפְקַדְתֶּן;הִפְקִיד;הִפְקִידָה;הִפְקִידוּ;אַפְקִיד;נַפְקִיד;תַּפְקִיד;תַּפְקִידִי;תַּפְקִידוּ;תַּפְקֵדְנָה;יַפְקִיד;תַּפְקִיד;יַפְקִידוּ;תַּפְקֵדְנָה;הַפְקֵד!‏;הַפְקִידִי!‏;הַפְקִידוּ!‏;הַפְקֵדְנָה!‏;לְהַפְקִיד;פ - ק - ד
25;https://www.pealim.com/dict/1799-lehatzliach/;HIF'IL;to succeed, to be successful;מַצְלִיחַ;מַצְלִיחָה;מַצְלִיחִים;מַצְלִיחוֹת;הִצְלַחְתִּי;הִצְלַחְנוּ;הִצְלַחְתָּ;הִצְלַחְתְּ;הִצְלַחְתֶּם;הִצְלַחְתֶּן;הִצְלִיחַ;הִצְלִיחָה;הִצְלִיחוּ;אַצְלִיחַ;נַצְלִיחַ;תַּצְלִיחַ;תַּצְלִיחִי;תַּצְלִיחוּ;תַּצְלַחְנָה;יַצְלִיחַ;תַּצְלִיחַ;יַצְלִיחוּ;תַּצְלַחְנָה;הַצְלֵחַ!‏;הַצְלִיחִי!‏;הַצְלִיחוּ!‏;הַצְלַחְנָה!‏;לְהַצְלִיחַ;צ - ל - ח
26;https://www.pealim.com/dict/1442-lehaavir/;HIF'IL;to transfer, to pass something;מַעֲבִיר;מַעֲבִירָה;מַעֲבִירִים;מַעֲבִירוֹת;הֶעֱבַרְתִּי;הֶעֱבַרְנוּ;הֶעֱבַרְתָּ;הֶעֱבַרְתְּ;הֶעֱבַרְתֶּם;הֶעֱבַרְתֶּן;הֶעֱבִיר;הֶעֱבִירָה;הֶעֱבִירוּ;אַעֲבִיר;נַעֲבִיר;תַּעֲבִיר;תַּעֲבִירִי;תַּעֲבִירוּ;תַּעֲבֵרְנָה;יַעֲבִיר;תַּעֲבִיר;יַעֲבִירוּ;תַּעֲבֵרְנָה;הַעֲבֵר!‏;הַעֲבִירִי!‏;הַעֲבִירוּ!‏;הַעֲבֵרְנָה!‏;לְהַעֲבִיר;ע - ב - ר
27;https://www.pealim.com/dict/1454-lehaadif/;HIF'IL;to prefer;מַעֲדִיף;מַעֲדִיפָה;מַעֲדִיפִים;מַעֲדִיפוֹת;הֶעֱדַפְתִּי;הֶעֱדַפְנוּ;הֶעֱדַפְתָּ;הֶעֱדַפְתְּ;הֶעֱדַפְתֶּם;הֶעֱדַפְתֶּן;הֶעֱדִיף;הֶעֱדִיפָה;הֶעֱדִיפוּ;אַעֲדִיף;נַעֲדִיף;תַּעֲדִיף;תַּעֲדִיפִי;תַּעֲדִיפוּ;תַּעֲדֵפְנָה;יַעֲדִיף;תַּעֲדִיף;יַעֲדִיפוּ;תַּעֲדֵפְנָה;הַעֲדֵף!‏;הַעֲדִיפִי!‏;הַעֲדִיפוּ!‏;הַעֲדֵפְנָה!‏;לְהַעֲדִיף;ע - ד - ף
28;https://www.pealim.com/dict/1061-lehamlitz/;HIF'IL;to recommend;מַמְלִיץ;מַמְלִיצָה;מַמְלִיצִים;מַמְלִיצוֹת;הִמְלַצְתִּי;הִמְלַצְנוּ;הִמְלַצְתָּ;הִמְלַצְתְּ;הִמְלַצְתֶּם;הִמְלַצְתֶּן;הִמְלִיץ;הִמְלִיצָה;הִמְלִיצוּ;אַמְלִיץ;נַמְלִיץ;תַּמְלִיץ;תַּמְלִיצִי;תַּמְלִיצוּ;תַּמְלֵצְנָה;יַמְלִיץ;תַּמְלִיץ;יַמְלִיצוּ;תַּמְלֵצְנָה;הַמְלֵץ!‏;הַמְלִיצִי!‏;הַמְלִיצוּ!‏;הַמְלֵצְנָה!‏;לְהַמְלִיץ;מ - ל - ץ
29;https://www.pealim.com/dict/1110-lehamshich/;HIF'IL;to continue, to go on, to keep on;מַמְשִׁיךְ;מַמְשִׁיכָה;מַמְשִׁיכִים;מַמְשִׁיכוֹת;הִמְשַׁכְתִּי;הִמְשַׁכְנוּ;הִמְשַׁכְתָּ;הִמְשַׁכְתְּ;הִמְשַׁכְתֶּם;הִמְשַׁכְתֶּן;הִמְשִׁיךְ;הִמְשִׁיכָה;הִמְשִׁיכוּ;אַמְשִׁיךְ;נַמְשִׁיךְ;תַּמְשִׁיךְ;תַּמְשִׁיכִי;תַּמְשִׁיכוּ;תַּמְשֵׁכְנָה;יַמְשִׁיךְ;תַּמְשִׁיךְ;יַמְשִׁיכוּ;תַּמְשֵׁכְנָה;הַמְשֵׁךְ!‏;הַמְשִׁיכִי!‏;הַמְשִׁיכוּ!‏;הַמְשֵׁכְנָה!‏;לְהַמְשִׁיךְ;מ - שׁ - ך
30;https://www.pealim.com/dict/1305-lehasbir/;HIF'IL;to explain, to clarify;מַסְבִּיר;מַסְבִּירָה;מַסְבִּירִים;מַסְבִּירוֹת;הִסְבַּרְתִּי;הִסְבַּרְנוּ;הִסְבַּרְתָּ;הִסְבַּרְתְּ;הִסְבַּרְתֶּם;הִסְבַּרְתֶּן;הִסְבִּיר;הִסְבִּירָה;הִסְבִּירוּ;אַסְבִּיר;נַסְבִּיר;תַּסְבִּיר;תַּסְבִּירִי;תַּסְבִּירוּ;תַּסְבֵּרְנָה;יַסְבִּיר;תַּסְבִּיר;יַסְבִּירוּ;תַּסְבֵּרְנָה;הַסְבֵּר!‏;הַסְבִּירִי!‏;הַסְבִּירוּ!‏;הַסְבֵּרְנָה!‏;לְהַסְבִּיר;ס - ב - ר
31;https://www.pealim.com/dict/2210-lehaskir/;HIF'IL;to rent, to let (a property);מַשְׂכִּיר;מַשְׂכִּירָה;מַשְׂכִּירִים;מַשְׂכִּירוֹת;הִשְׂכַּרְתִּי;הִשְׂכַּרְנוּ;הִשְׂכַּרְתָּ;הִשְׂכַּרְתְּ;הִשְׂכַּרְתֶּם;הִשְׂכַּרְתֶּן;הִשְׂכִּיר;הִשְׂכִּירָה;הִשְׂכִּירוּ;אַשְׂכִּיר;נַשְׂכִּיר;תַּשְׂכִּיר;תַּשְׂכִּירִי;תַּשְׂכִּירוּ;תַּשְׂכֵּרְנָה;יַשְׂכִּיר;תַּשְׂכִּיר;יַשְׂכִּירוּ;תַּשְׂכֵּרְנָה;הַשְׂכֵּר!‏;הַשְׂכִּירִי!‏;הַשְׂכִּירוּ!‏;הַשְׂכֵּרְנָה!‏;לְהַשְׂכִּיר;שׂ - כ - ר
32;https://www.pealim.com/dict/2645-lehitnatek/;HITPA'EL;to be disconnected, to be severed, to cut oneself from something;מִתְנַתֵּק;מִתְנַתֶּקֶת;מִתְנַתְּקִים;מִתְנַתְּקוֹת;הִתְנַתַּקְתִּי;הִתְנַתַּקְנוּ;הִתְנַתַּקְתָּ;הִתְנַתַּקְתְּ;הִתְנַתַּקְתֶּם;הִתְנַתַּקְתֶּן;הִתְנַתֵּק;הִתְנַתְּקָה;הִתְנַתְּקוּ;אֶתְנַתֵּק;נִתְנַתֵּק;תִּתְנַתֵּק;תִּתְנַתְּקִי;תִּתְנַתְּקוּ;תִּתְנַתֵּקְנָה;יִתְנַתֵּק;תִּתְנַתֵּק;יִתְנַתְּקוּ;תִּתְנַתֵּקְנָה;הִתְנַתֵּק!‏;הִתְנַתְּקִי!‏;הִתְנַתְּקוּ!‏;הִתְנַתֵּקְנָה!‏;לְהִתְנַתֵּק;נ - ת - ק
33;https://www.pealim.com/dict/897-lehitkonen/;HITPA'EL;to prepare (oneself), to intend;מִתְכּוֹנֵן;מִתְכּוֹנֶנֶת;מִתְכּוֹנְנִים;מִתְכּוֹנְנוֹת;הִתְכּוֹנַנְתִּי;הִתְכּוֹנַנּוּ;הִתְכּוֹנַנְתָּ;הִתְכּוֹנַנְתְּ;הִתְכּוֹנַנְתֶּם;הִתְכּוֹנַנְתֶּן;הִתְכּוֹנֵן;הִתְכּוֹנְנָה;הִתְכּוֹנְנוּ;אֶתְכּוֹנֵן;נִתְכּוֹנֵן;תִּתְכּוֹנֵן;תִּתְכּוֹנְנִי;תִּתְכּוֹנְנוּ;תִּתְכּוֹנֵנָּה;יִתְכּוֹנֵן;תִּתְכּוֹנֵן;יִתְכּוֹנְנוּ;תִּתְכּוֹנֵנָּה;הִתְכּוֹנֵן!‏;הִתְכּוֹנְנִי!‏;הִתְכּוֹנְנוּ!‏;הִתְכּוֹנֵנָּה!‏;לְהִתְכּוֹנֵן;כ - ו - ן
34;https://www.pealim.com/dict/2211-lehistaker/;HITPA'EL;to earn;מִשְׂתַּכֵּר;מִשְׂתַּכֶּרֶת;מִשְׂתַּכְּרִים;מִשְׂתַּכְּרוֹת;הִשְׂתַּכַּרְתִּי;הִשְׂתַּכַּרְנוּ;הִשְׂתַּכַּרְתָּ;הִשְׂתַּכַּרְתְּ;הִשְׂתַּכַּרְתֶּם;הִשְׂתַּכַּרְתֶּן;הִשְׂתַּכֵּר;הִשְׂתַּכְּרָה;הִשְׂתַּכְּרוּ;אֶשְׂתַּכֵּר;נִשְׂתַּכֵּר;תִּשְׂתַּכֵּר;תִּשְׂתַּכְּרִי;תִּשְׂתַּכְּרוּ;תִּשְׂתַּכֵּרְנָה;יִשְׂתַּכֵּר;תִּשְׂתַּכֵּר;יִשְׂתַּכְּרוּ;תִּשְׂתַּכֵּרְנָה;הִשְׂתַּכֵּר!‏;הִשְׂתַּכְּרִי!‏;הִשְׂתַּכְּרוּ!‏;הִשְׂתַּכֵּרְנָה!‏;לְהִשְׂתַּכֵּר;שׂ - כ - ר
35;https://www.pealim.com/dict/542-lehitchabe/;HITPA'EL;to hide oneself;מִתְחַבֵּא;מִתְחַבְּאָה;מִתְחַבְּאִים;מִתְחַבְּאוֹת;הִתְחַבֵּאתִי;הִתְחַבֵּאנוּ;הִתְחַבֵּאתָ;הִתְחַבֵּאת;הִתְחַבֵּאתֶם;הִתְחַבֵּאתֶן;הִתְחַבֵּא;הִתְחַבְּאָה;הִתְחַבְּאוּ;אֶתְחַבֵּא;נִתְחַבֵּא;תִּתְחַבֵּא;תִּתְחַבְּאִי;תִּתְחַבְּאוּ;תִּתְחַבֶּאנָה;יִתְחַבֵּא;תִּתְחַבֵּא;יִתְחַבְּאוּ;תִּתְחַבֶּאנָה;הִתְחַבֵּא!‏;הִתְחַבְּאִי!‏;הִתְחַבְּאוּ!‏;הִתְחַבֶּאנָה!‏;לְהִתְחַבֵּא;ח - ב - א
36;https://www.pealim.com/dict/6110-lehitoshesh/;HITPA'EL;to recover, to regain strength;מִתְאוֹשֵׁשׁ;מִתְאוֹשֶׁשֶׁת;מִתְאוֹשְׁשִׁים;מִתְאוֹשְׁשׁוֹת;הִתְאוֹשַׁשְׁתִּי;הִתְאוֹשַׁשְׁנוּ;הִתְאוֹשַׁשְׁתָּ;הִתְאוֹשַׁשְׁתְּ;הִתְאוֹשַׁשְׁתֶּם;הִתְאוֹשַׁשְׁתֶּן;הִתְאוֹשֵׁשׁ;הִתְאוֹשְׁשָׁה;הִתְאוֹשְׁשׁוּ;אֶתְאוֹשֵׁשׁ;נִתְאוֹשֵׁשׁ;תִּתְאוֹשֵׁשׁ;תִּתְאוֹשְׁשִׁי;תִּתְאוֹשְׁשׁוּ;תִּתְאוֹשֵׁשְׁנָה;יִתְאוֹשֵׁשׁ;תִּתְאוֹשֵׁשׁ;יִתְאוֹשְׁשׁוּ;תִּתְאוֹשֵׁשְׁנָה;הִתְאוֹשֵׁשׁ!‏;הִתְאוֹשְׁשִׁי!‏;הִתְאוֹשְׁשׁוּ!‏;הִתְאוֹשֵׁשְׁנָה!‏;לְהִתְאוֹשֵׁשׁ;א - שׁ - שׁ
37;https://www.pealim.com/dict/552-lehitchaber/;HITPA'EL;to join together;מִתְחַבֵּר;מִתְחַבֶּרֶת;מִתְחַבְּרִים;מִתְחַבְּרוֹת;הִתְחַבַּרְתִּי;הִתְחַבַּרְנוּ;הִתְחַבַּרְתָּ;הִתְחַבַּרְתְּ;הִתְחַבַּרְתֶּם;הִתְחַבַּרְתֶּן;הִתְחַבֵּר;הִתְחַבְּרָה;הִתְחַבְּרוּ;אֶתְחַבֵּר;נִתְחַבֵּר;תִּתְחַבֵּר;תִּתְחַבְּרִי;תִּתְחַבְּרוּ;תִּתְחַבֵּרְנָה;יִתְחַבֵּר;תִּתְחַבֵּר;יִתְחַבְּרוּ;תִּתְחַבֵּרְנָה;הִתְחַבֵּר!‏;הִתְחַבְּרִי!‏;הִתְחַבְּרוּ!‏;הִתְחַבֵּרְנָה!‏;לְהִתְחַבֵּר;ח - ב - ר
38;https://www.pealim.com/dict/1844-lehitztaref/;HITPA'EL;to join (a group, organisation);מִצְטָרֵף;מִצְטָרֶפֶת;מִצְטָרְפִים;מִצְטָרְפוֹת;הִצְטָרַפְתִּי;הִצְטָרַפְנוּ;הִצְטָרַפְתָּ;הִצְטָרַפְתְּ;הִצְטָרַפְתֶּם;הִצְטָרַפְתֶּן;הִצְטָרֵף;הִצְטָרְפָה;הִצְטָרְפוּ;אֶצְטָרֵף;נִצְטָרֵף;תִּצְטָרֵף;תִּצְטָרְפִי;תִּצְטָרְפוּ;תִּצְטָרֵפְנָה;יִצְטָרֵף;תִּצְטָרֵף;יִצְטָרְפוּ;תִּצְטָרֵפְנָה;הִצְטָרֵף!‏;הִצְטָרְפִי!‏;הִצְטָרְפוּ!‏;הִצְטָרֵפְנָה!‏;לְהִצְטָרֵף;צ - ר - ף
39;https://www.pealim.com/dict/2435-lehitpalel/;HITPA'EL;to pray;מִתְפַּלֵּל;מִתְפַּלֶּלֶת;מִתְפַּלְּלִים;מִתְפַּלְּלוֹת;הִתְפַּלַּלְתִּי;הִתְפַּלַּלְנוּ;הִתְפַּלַּלְתָּ;הִתְפַּלַּלְתְּ;הִתְפַּלַּלְתֶּם;הִתְפַּלַּלְתֶּן;הִתְפַּלֵּל;הִתְפַּלְּלָה;הִתְפַּלְּלוּ;אֶתְפַּלֵּל;נִתְפַּלֵּל;תִּתְפַּלֵּל;תִּתְפַּלְּלִי;תִּתְפַּלְּלוּ;תִּתְפַּלֵּלְנָה;יִתְפַּלֵּל;תִּתְפַּלֵּל;יִתְפַּלְּלוּ;תִּתְפַּלֵּלְנָה;הִתְפַּלֵּל!‏;הִתְפַּלְּלִי!‏;הִתְפַּלְּלוּ!‏;הִתְפַּלֵּלְנָה!‏;לְהִתְפַּלֵּל;פ - ל - ל
40;https://www.pealim.com/dict/1826-lehitztaer/;HITPA'EL;to be sorry, to regret;מִצְטַעֵר;מִצְטַעֶרֶת;מִצְטַעֲרִים;מִצְטַעֲרוֹת;הִצְטַעַרְתִּי;הִצְטַעַרְנוּ;הִצְטַעַרְתָּ;הִצְטַעַרְתְּ;הִצְטַעַרְתֶּם;הִצְטַעַרְתֶּן;הִצְטַעֵר;הִצְטַעֲרָה;הִצְטַעֲרוּ;אֶצְטַעֵר;נִצְטַעֵר;תִּצְטַעֵר;תִּצְטַעֲרִי;תִּצְטַעֲרוּ;תִּצְטַעֵרְנָה;יִצְטַעֵר;תִּצְטַעֵר;יִצְטַעֲרוּ;תִּצְטַעֵרְנָה;הִצְטַעֵר!‏;הִצְטַעֲרִי!‏;הִצְטַעֲרוּ!‏;הִצְטַעֵרְנָה!‏;לְהִצְטַעֵר;צ - ע - ר
41;https://www.pealim.com/dict/220-lehitbalbel/;HITPA'EL;to become confused, perplexed;מִתְבַּלְבֵּל;מִתְבַּלְבֶּלֶת;מִתְבַּלְבְּלִים;מִתְבַּלְבְּלוֹת;הִתְבַּלְבַּלְתִּי;הִתְבַּלְבַּלְנוּ;הִתְבַּלְבַּלְתָּ;הִתְבַּלְבַּלְתְּ;הִתְבַּלְבַּלְתֶּם;הִתְבַּלְבַּלְתֶּן;הִתְבַּלְבֵּל;הִתְבַּלְבְּלָה;הִתְבַּלְבְּלוּ;אֶתְבַּלְבֵּל;נִתְבַּלְבֵּל;תִּתְבַּלְבֵּל;תִּתְבַּלְבְּלִי;תִּתְבַּלְבְּלוּ;תִּתְבַּלְבֵּלְנָה;יִתְבַּלְבֵּל;תִּתְבַּלְבֵּל;יִתְבַּלְבְּלוּ;תִּתְבַּלְבֵּלְנָה;הִתְבַּלְבֵּל!‏;הִתְבַּלְבְּלִי!‏;הִתְבַּלְבְּלוּ!‏;הִתְבַּלְבֵּלְנָה!‏;לְהִתְבַּלְבֵּל;ב - ל - ב - ל
42;https://www.pealim.com/dict/1245-lehitnatzel/;HITPA'EL;to apologize;מִתְנַצֵּל;מִתְנַצֶּלֶת;מִתְנַצְּלִים;מִתְנַצְּלוֹת;הִתְנַצַּלְתִּי;הִתְנַצַּלְנוּ;הִתְנַצַּלְתָּ;הִתְנַצַּלְתְּ;הִתְנַצַּלְתֶּם;הִתְנַצַּלְתֶּן;הִתְנַצֵּל;הִתְנַצְּלָה;הִתְנַצְּלוּ;אֶתְנַצֵּל;נִתְנַצֵּל;תִּתְנַצֵּל;תִּתְנַצְּלִי;תִּתְנַצְּלוּ;תִּתְנַצֵּלְנָה;יִתְנַצֵּל;תִּתְנַצֵּל;יִתְנַצְּלוּ;תִּתְנַצֵּלְנָה;הִתְנַצֵּל!‏;הִתְנַצְּלִי!‏;הִתְנַצְּלוּ!‏;הִתְנַצֵּלְנָה!‏;לְהִתְנַצֵּל;נ - צ - ל
43;https://www.pealim.com/dict/1508-lehitamel/;HITPA'EL;to exercise, to work out;מִתְעַמֵּל;מִתְעַמֶּלֶת;מִתְעַמְּלִים;מִתְעַמְּלוֹת;הִתְעַמַּלְתִּי;הִתְעַמַּלְנוּ;הִתְעַמַּלְתָּ;הִתְעַמַּלְתְּ;הִתְעַמַּלְתֶּם;הִתְעַמַּלְתֶּן;הִתְעַמֵּל;הִתְעַמְּלָה;הִתְעַמְּלוּ;אֶתְעַמֵּל;נִתְעַמֵּל;תִּתְעַמֵּל;תִּתְעַמְּלִי;תִּתְעַמְּלוּ;תִּתְעַמֵּלְנָה;יִתְעַמֵּל;תִּתְעַמֵּל;יִתְעַמְּלוּ;תִּתְעַמֵּלְנָה;הִתְעַמֵּל!‏;הִתְעַמְּלִי!‏;הִתְעַמְּלוּ!‏;הִתְעַמֵּלְנָה!‏;לְהִתְעַמֵּל;ע - מ - ל
44;https://www.pealim.com/dict/1947-lehitkarev/;HITPA'EL;to approach, to come near;מִתְקָרֵב;מִתְקָרֶבֶת;מִתְקָרְבִים;מִתְקָרְבוֹת;הִתְקָרַבְתִּי;הִתְקָרַבְנוּ;הִתְקָרַבְתָּ;הִתְקָרַבְתְּ;הִתְקָרַבְתֶּם;הִתְקָרַבְתֶּן;הִתְקָרֵב;הִתְקָרְבָה;הִתְקָרְבוּ;אֶתְקָרֵב;נִתְקָרֵב;תִּתְקָרֵב;תִּתְקָרְבִי;תִּתְקָרְבוּ;תִּתְקָרֵבְנָה;יִתְקָרֵב;תִּתְקָרֵב;יִתְקָרְבוּ;תִּתְקָרֵבְנָה;הִתְקָרֵב!‏;הִתְקָרְבִי!‏;הִתְקָרְבוּ!‏;הִתְקָרֵבְנָה!‏;לְהִתְקָרֵב;ק - ר - ב
45;https://www.pealim.com/dict/1959-lehitkarer/;HITPA'EL;"to cool down; to catch a cold";מִתְקָרֵר;מִתְקָרֶרֶת;מִתְקָרְרִים;מִתְקָרְרוֹת;הִתְקָרַרְתִּי;הִתְקָרַרְנוּ;הִתְקָרַרְתָּ;הִתְקָרַרְתְּ;הִתְקָרַרְתֶּם;הִתְקָרַרְתֶּן;הִתְקָרֵר;הִתְקָרְרָה;הִתְקָרְרוּ;אֶתְקָרֵר;נִתְקָרֵר;תִּתְקָרֵר;תִּתְקָרְרִי;תִּתְקָרְרוּ;תִּתְקָרֵרְנָה;יִתְקָרֵר;תִּתְקָרֵר;יִתְקָרְרוּ;תִּתְקָרֵרְנָה;הִתְקָרֵר!‏;הִתְקָרְרִי!‏;הִתְקָרְרוּ!‏;הִתְקָרֵרְנָה!‏;לְהִתְקָרֵר;ק - ר - ר
46;https://www.pealim.com/dict/638-lehitchanen/;HITPA'EL;to plead, to ask for mercy;מִתְחַנֵּן;מִתְחַנֶּנֶת;מִתְחַנְּנִים;מִתְחַנְּנוֹת;הִתְחַנַּנְתִּי;הִתְחַנַּנּוּ;הִתְחַנַּנְתָּ;הִתְחַנַּנְתְּ;הִתְחַנַּנְתֶּם;הִתְחַנַּנְתֶּן;הִתְחַנֵּן;הִתְחַנְּנָה;הִתְחַנְּנוּ;אֶתְחַנֵּן;נִתְחַנֵּן;תִּתְחַנֵּן;תִּתְחַנְּנִי;תִּתְחַנְּנוּ;תִּתְחַנֵּנָּה;יִתְחַנֵּן;תִּתְחַנֵּן;יִתְחַנְּנוּ;תִּתְחַנֵּנָּה;הִתְחַנֵּן!‏;הִתְחַנְּנִי!‏;הִתְחַנְּנוּ!‏;הִתְחַנֵּנָּה!‏;לְהִתְחַנֵּן;ח - נ - ן
47;https://www.pealim.com/dict/1985-lehitragez/;HITPA'EL;to become angry;מִתְרַגֵּז;מִתְרַגֶּזֶת;מִתְרַגְּזִים;מִתְרַגְּזוֹת;הִתְרַגַּזְתִּי;הִתְרַגַּזְנוּ;הִתְרַגַּזְתָּ;הִתְרַגַּזְתְּ;הִתְרַגַּזְתֶּם;הִתְרַגַּזְתֶּן;הִתְרַגֵּז;הִתְרַגְּזָה;הִתְרַגְּזוּ;אֶתְרַגֵּז;נִתְרַגֵּז;תִּתְרַגֵּז;תִּתְרַגְּזִי;תִּתְרַגְּזוּ;תִּתְרַגֵּזְנָה;יִתְרַגֵּז;תִּתְרַגֵּז;יִתְרַגְּזוּ;תִּתְרַגֵּזְנָה;הִתְרַגֵּז!‏;הִתְרַגְּזִי!‏;הִתְרַגְּזוּ!‏;הִתְרַגֵּזְנָה!‏;לְהִתְרַגֵּז;ר - ג - ז
48;https://www.pealim.com/dict/1841-lehitztarech/;HITPA'EL;to need, to require, to have to;מִצְטָרֵךְ;מִצְטָרֶכֶת;מִצְטָרְכִים;מִצְטָרְכוֹת;הִצְטָרַכְתִּי;הִצְטָרַכְנוּ;הִצְטָרַכְתָּ;הִצְטָרַכְתְּ;הִצְטָרַכְתֶּם;הִצְטָרַכְתֶּן;הִצְטָרֵךְ;הִצְטָרְכָה;הִצְטָרְכוּ;אֶצְטָרֵךְ;נִצְטָרֵךְ;תִּצְטָרֵךְ;תִּצְטָרְכִי;תִּצְטָרְכוּ;תִּצְטָרֵכְנָה;יִצְטָרֵךְ;תִּצְטָרֵךְ;יִצְטָרְכוּ;תִּצְטָרֵכְנָה;הִצְטָרֵךְ!‏;הִצְטָרְכִי!‏;הִצְטָרְכוּ!‏;הִצְטָרֵכְנָה!‏;לְהִצְטָרֵךְ;צ - ר - ך
49;https://www.pealim.com/dict/2451-lehitmoded/;HITPA'EL;to compete (with someone), to withstand, to deal with (עם);מִתְמוֹדֵד;מִתְמוֹדֶדֶת;מִתְמוֹדְדִים;מִתְמוֹדְדוֹת;הִתְמוֹדַדְתִּי;הִתְמוֹדַדְנוּ;הִתְמוֹדַדְתָּ;הִתְמוֹדַדְתְּ;הִתְמוֹדַדְתֶּם;הִתְמוֹדַדְתֶּן;הִתְמוֹדֵד;הִתְמוֹדְדָה;הִתְמוֹדְדוּ;אֶתְמוֹדֵד;נִתְמוֹדֵד;תִּתְמוֹדֵד;תִּתְמוֹדְדִי;תִּתְמוֹדְדוּ;תִּתְמוֹדֵדְנָה;יִתְמוֹדֵד;תִּתְמוֹדֵד;יִתְמוֹדְדוּ;תִּתְמוֹדֵדְנָה;הִתְמוֹדֵד!‏;הִתְמוֹדְדִי!‏;הִתְמוֹדְדוּ!‏;הִתְמוֹדֵדְנָה!‏;לְהִתְמוֹדֵד;מ - ד - ד
50;https://www.pealim.com/dict/1297-lehistovev/;HITPA'EL;"to turn around; to wander around";מִסְתּוֹבֵב;מִסְתּוֹבֶבֶת;מִסְתּוֹבְבִים;מִסְתּוֹבְבוֹת;הִסְתּוֹבַבְתִּי;הִסְתּוֹבַבְנוּ;הִסְתּוֹבַבְתָּ;הִסְתּוֹבַבְתְּ;הִסְתּוֹבַבְתֶּם;הִסְתּוֹבַבְתֶּן;הִסְתּוֹבֵב;הִסְתּוֹבְבָה;הִסְתּוֹבְבוּ;אֶסְתּוֹבֵב;נִסְתּוֹבֵב;תִּסְתּוֹבֵב;תִּסְתּוֹבְבִי;תִּסְתּוֹבְבוּ;תִּסְתּוֹבֵבְנָה;יִסְתּוֹבֵב;תִּסְתּוֹבֵב;יִסְתּוֹבְבוּ;תִּסְתּוֹבֵבְנָה;הִסְתּוֹבֵב!‏;הִסְתּוֹבְבִי!‏;הִסְתּוֹבְבוּ!‏;הִסְתּוֹבֵבְנָה!‏;לְהִסְתּוֹבֵב;ס - ב - ב
51;https://www.pealim.com/dict/521-lehizdaken/;HITPA'EL;to age, to grow old;מִזְדַּקֵּן;מִזְדַּקֶּנֶת;מִזְדַּקְּנִים;מִזְדַּקְּנוֹת;הִזְדַּקַּנְתִּי;הִזְדַּקַּנּוּ;הִזְדַּקַּנְתָּ;הִזְדַּקַּנְתְּ;הִזְדַּקַּנְתֶּם;הִזְדַּקַּנְתֶּן;הִזְדַּקֵּן;הִזְדַּקְּנָה;הִזְדַּקְּנוּ;אֶזְדַּקֵּן;נִזְדַּקֵּן;תִּזְדַּקֵּן;תִּזְדַּקְּנִי;תִּזְדַּקְּנוּ;תִּזְדַּקֵּנָּה;יִזְדַּקֵּן;תִּזְדַּקֵּן;יִזְדַּקְּנוּ;תִּזְדַּקֵּנָּה;הִזְדַּקֵּן!‏;הִזְדַּקְּנִי!‏;הִזְדַּקְּנוּ!‏;הִזְדַּקֵּנָּה!‏;לְהִזְדַּקֵּן;ז - ק - ן
52;https://www.pealim.com/dict/622-lehitchamem/;HITPA'EL;to warm up, to become hot, to be excited;מִתְחַמֵּם;מִתְחַמֶּמֶת;מִתְחַמְּמִים;מִתְחַמְּמוֹת;הִתְחַמַּמְתִּי;הִתְחַמַּמְנוּ;הִתְחַמַּמְתָּ;הִתְחַמַּמְתְּ;הִתְחַמַּמְתֶּם;הִתְחַמַּמְתֶּן;הִתְחַמֵּם;הִתְחַמְּמָה;הִתְחַמְּמוּ;אֶתְחַמֵּם;נִתְחַמֵּם;תִּתְחַמֵּם;תִּתְחַמְּמִי;תִּתְחַמְּמוּ;תִּתְחַמֵּמְנָה;יִתְחַמֵּם;תִּתְחַמֵּם;יִתְחַמְּמוּ;תִּתְחַמֵּמְנָה;הִתְחַמֵּם!‏;הִתְחַמְּמִי!‏;הִתְחַמְּמוּ!‏;הִתְחַמֵּמְנָה!‏;לְהִתְחַמֵּם;ח - מ - ם
53;https://www.pealim.com/dict/2260-lehishtamesh/;HITPA'EL;to use (ב-);מִשְׁתַּמֵּשׁ;מִשְׁתַּמֶּשֶׁת;מִשְׁתַּמְּשִׁים;מִשְׁתַּמְּשׁוֹת;הִשְׁתַּמַּשְׁתִּי;הִשְׁתַּמַּשְׁנוּ;הִשְׁתַּמַּשְׁתָּ;הִשְׁתַּמַּשְׁתְּ;הִשְׁתַּמַּשְׁתֶּם;הִשְׁתַּמַּשְׁתֶּן;הִשְׁתַּמֵּשׁ;הִשְׁתַּמְּשָׁה;הִשְׁתַּמְּשׁוּ;אֶשְׁתַּמֵּשׁ;נִשְׁתַּמֵּשׁ;תִּשְׁתַּמֵּשׁ;תִּשְׁתַּמְּשִׁי;תִּשְׁתַּמְּשׁוּ;תִּשְׁתַּמֵּשְׁנָה;יִשְׁתַּמֵּשׁ;תִּשְׁתַּמֵּשׁ;יִשְׁתַּמְּשׁוּ;תִּשְׁתַּמֵּשְׁנָה;הִשְׁתַּמֵּשׁ!‏;הִשְׁתַּמְּשִׁי!‏;הִשְׁתַּמְּשׁוּ!‏;הִשְׁתַּמֵּשְׁנָה!‏;לְהִשְׁתַּמֵּשׁ;שׁ - מ - שׁ
54;https://www.pealim.com/dict/1352-lehistakel/;HITPA'EL;to look, to watch, to observe (ב־);מִסְתַּכֵּל;מִסְתַּכֶּלֶת;מִסְתַּכְּלִים;מִסְתַּכְּלוֹת;הִסְתַּכַּלְתִּי;הִסְתַּכַּלְנוּ;הִסְתַּכַּלְתָּ;הִסְתַּכַּלְתְּ;הִסְתַּכַּלְתֶּם;הִסְתַּכַּלְתֶּן;הִסְתַּכֵּל;הִסְתַּכְּלָה;הִסְתַּכְּלוּ;אֶסְתַּכֵּל;נִסְתַּכֵּל;תִּסְתַּכֵּל;תִּסְתַּכְּלִי;תִּסְתַּכְּלוּ;תִּסְתַּכֵּלְנָה;יִסְתַּכֵּל;תִּסְתַּכֵּל;יִסְתַּכְּלוּ;תִּסְתַּכֵּלְנָה;הִסְתַּכֵּל!‏;הִסְתַּכְּלִי!‏;הִסְתַּכְּלוּ!‏;הִסְתַּכֵּלְנָה!‏;לְהִסְתַּכֵּל;ס - כ - ל
55;https://www.pealim.com/dict/1971-lehitkasher/;HITPA'EL;"to contact (עם); to phone, to call (אל)";מִתְקַשֵּׁר;מִתְקַשֶּׁרֶת;מִתְקַשְּׁרִים;מִתְקַשְּׁרוֹת;הִתְקַשַּׁרְתִּי;הִתְקַשַּׁרְנוּ;הִתְקַשַּׁרְתָּ;הִתְקַשַּׁרְתְּ;הִתְקַשַּׁרְתֶּם;הִתְקַשַּׁרְתֶּן;הִתְקַשֵּׁר;הִתְקַשְּׁרָה;הִתְקַשְּׁרוּ;אֶתְקַשֵּׁר;נִתְקַשֵּׁר;תִּתְקַשֵּׁר;תִּתְקַשְּׁרִי;תִּתְקַשְּׁרוּ;תִּתְקַשֵּׁרְנָה;יִתְקַשֵּׁר;תִּתְקַשֵּׁר;יִתְקַשְּׁרוּ;תִּתְקַשֵּׁרְנָה;הִתְקַשֵּׁר!‏;הִתְקַשְּׁרִי!‏;הִתְקַשְּׁרוּ!‏;הִתְקַשֵּׁרְנָה!‏;לְהִתְקַשֵּׁר;ק - שׁ - ר
56;https://www.pealim.com/dict/2043-lehitrakez/;HITPA'EL;to concentrate, to focus on, to think hard;מִתְרַכֵּז;מִתְרַכֶּזֶת;מִתְרַכְּזִים;מִתְרַכְּזוֹת;הִתְרַכַּזְתִּי;הִתְרַכַּזְנוּ;הִתְרַכַּזְתָּ;הִתְרַכַּזְתְּ;הִתְרַכַּזְתֶּם;הִתְרַכַּזְתֶּן;הִתְרַכֵּז;הִתְרַכְּזָה;הִתְרַכְּזוּ;אֶתְרַכֵּז;נִתְרַכֵּז;תִּתְרַכֵּז;תִּתְרַכְּזִי;תִּתְרַכְּזוּ;תִּתְרַכֵּזְנָה;יִתְרַכֵּז;תִּתְרַכֵּז;יִתְרַכְּזוּ;תִּתְרַכֵּזְנָה;הִתְרַכֵּז!‏;הִתְרַכְּזִי!‏;הִתְרַכְּזוּ!‏;הִתְרַכֵּזְנָה!‏;לְהִתְרַכֵּז;ר - כ - ז
57;https://www.pealim.com/dict/367-lehitgaagea/;HITPA'EL;to miss, to long for, to yearn (ל-);מִתְגַּעְגֵּעַ;מִתְגַּעְגַּעַת;מִתְגַּעְגְּעִים;מִתְגַּעְגְּעוֹת;הִתְגַּעְגַּעְתִּי;הִתְגַּעְגַּעְנוּ;הִתְגַּעְגַּעְתָּ;הִתְגַּעְגַּעְתְּ;הִתְגַּעְגַּעְתֶּם;הִתְגַּעְגַּעְתֶּן;הִתְגַּעְגֵּעַ;הִתְגַּעְגְּעָה;הִתְגַּעְגְּעוּ;אֶתְגַּעְגֵּעַ;נִתְגַּעְגֵּעַ;תִּתְגַּעְגֵּעַ;תִּתְגַּעְגְּעִי;תִּתְגַּעְגְּעוּ;תִּתְגַּעְגַּעְנָה;יִתְגַּעְגֵּעַ;תִּתְגַּעְגֵּעַ;יִתְגַּעְגְּעוּ;תִּתְגַּעְגַּעְנָה;הִתְגַּעְגֵּעַ!‏;הִתְגַּעְגְּעִי!‏;הִתְגַּעְגְּעוּ!‏;הִתְגַּעְגַּעְנָה!‏;לְהִתְגַּעְגֵּעַ;ג - ע - ג - ע
58;https://www.pealim.com/dict/1501-lehitalem/;HITPA'EL;to ignore, to disregard (מ־);מִתְעַלֵּם;מִתְעַלֶּמֶת;מִתְעַלְּמִים;מִתְעַלְּמוֹת;הִתְעַלַּמְתִּי;הִתְעַלַּמְנוּ;הִתְעַלַּמְתָּ;הִתְעַלַּמְתְּ;הִתְעַלַּמְתֶּם;הִתְעַלַּמְתֶּן;הִתְעַלֵּם;הִתְעַלְּמָה;הִתְעַלְּמוּ;אֶתְעַלֵּם;נִתְעַלֵּם;תִּתְעַלֵּם;תִּתְעַלְּמִי;תִּתְעַלְּמוּ;תִּתְעַלֵּמְנָה;יִתְעַלֵּם;תִּתְעַלֵּם;יִתְעַלְּמוּ;תִּתְעַלֵּמְנָה;הִתְעַלֵּם!‏;הִתְעַלְּמִי!‏;הִתְעַלְּמוּ!‏;הִתְעַלֵּמְנָה!‏;לְהִתְעַלֵּם;ע - ל - ם
59;https://www.pealim.com/dict/2274-lehishtael/;HITPA'EL;to cough;מִשְׁתַּעֵל;מִשְׁתַּעֶלֶת;מִשְׁתַּעֲלִים;מִשְׁתַּעֲלוֹת;הִשְׁתַּעַלְתִּי;הִשְׁתַּעַלְנוּ;הִשְׁתַּעַלְתָּ;הִשְׁתַּעַלְתְּ;הִשְׁתַּעַלְתֶּם;הִשְׁתַּעַלְתֶּן;הִשְׁתַּעֵל;הִשְׁתַּעֲלָה;הִשְׁתַּעֲלוּ;אֶשְׁתַּעֵל;נִשְׁתַּעֵל;תִּשְׁתַּעֵל;תִּשְׁתַּעֲלִי;תִּשְׁתַּעֲלוּ;תִּשְׁתַּעֵלְנָה;יִשְׁתַּעֵל;תִּשְׁתַּעֵל;יִשְׁתַּעֲלוּ;תִּשְׁתַּעֵלְנָה;הִשְׁתַּעֵל!‏;הִשְׁתַּעֲלִי!‏;הִשְׁתַּעֲלוּ!‏;הִשְׁתַּעֵלְנָה!‏;לְהִשְׁתַּעֵל;שׁ - ע - ל
60;https://www.pealim.com/dict/2335-lehishtatef/;HITPA'EL;to participate;מִשְׁתַּתֵּף;מִשְׁתַּתֶּפֶת;מִשְׁתַּתְּפִים;מִשְׁתַּתְּפוֹת;הִשְׁתַּתַּפְתִּי;הִשְׁתַּתַּפְנוּ;הִשְׁתַּתַּפְתָּ;הִשְׁתַּתַּפְתְּ;הִשְׁתַּתַּפְתֶּם;הִשְׁתַּתַּפְתֶּן;הִשְׁתַּתֵּף;הִשְׁתַּתְּפָה;הִשְׁתַּתְּפוּ;אֶשְׁתַּתֵּף;נִשְׁתַּתֵּף;תִּשְׁתַּתֵּף;תִּשְׁתַּתְּפִי;תִּשְׁתַּתְּפוּ;תִּשְׁתַּתֵּפְנָה;יִשְׁתַּתֵּף;תִּשְׁתַּתֵּף;יִשְׁתַּתְּפוּ;תִּשְׁתַּתֵּפְנָה;הִשְׁתַּתֵּף!‏;הִשְׁתַּתְּפִי!‏;הִשְׁתַּתְּפוּ!‏;הִשְׁתַּתֵּפְנָה!‏;לְהִשְׁתַּתֵּף;שׁ - ת - ף
61;https://www.pealim.com/dict/256-lehitbakesh/;HITPA'EL;to be asked, required;מִתְבַּקֵּשׁ;מִתְבַּקֶּשֶׁת;מִתְבַּקְּשִׁים;מִתְבַּקְּשׁוֹת;הִתְבַּקַּשְׁתִּי;הִתְבַּקַּשְׁנוּ;הִתְבַּקַּשְׁתָּ;הִתְבַּקַּשְׁתְּ;הִתְבַּקַּשְׁתֶּם;הִתְבַּקַּשְׁתֶּן;הִתְבַּקֵּשׁ;הִתְבַּקְּשָׁה;הִתְבַּקְּשׁוּ;אֶתְבַּקֵּשׁ;נִתְבַּקֵּשׁ;תִּתְבַּקֵּשׁ;תִּתְבַּקְּשִׁי;תִּתְבַּקְּשׁוּ;תִּתְבַּקֵּשְׁנָה;יִתְבַּקֵּשׁ;תִּתְבַּקֵּשׁ;יִתְבַּקְּשׁוּ;תִּתְבַּקֵּשְׁנָה;הִתְבַּקֵּשׁ!‏;הִתְבַּקְּשִׁי!‏;הִתְבַּקְּשׁוּ!‏;הִתְבַּקֵּשְׁנָה!‏;לְהִתְבַּקֵּשׁ;ב - ק - שׁ
62;https://www.pealim.com/dict/703-lehitchashev/;HITPA'EL;to consider, to take into account (-ב);מִתְחַשֵּׁב;מִתְחַשֶּׁבֶת;מִתְחַשְּׁבִים;מִתְחַשְּׁבוֹת;הִתְחַשַּׁבְתִּי;הִתְחַשַּׁבְנוּ;הִתְחַשַּׁבְתָּ;הִתְחַשַּׁבְתְּ;הִתְחַשַּׁבְתֶּם;הִתְחַשַּׁבְתֶּן;הִתְחַשֵּׁב;הִתְחַשְּׁבָה;הִתְחַשְּׁבוּ;אֶתְחַשֵּׁב;נִתְחַשֵּׁב;תִּתְחַשֵּׁב;תִּתְחַשְּׁבִי;תִּתְחַשְּׁבוּ;תִּתְחַשֵּׁבְנָה;יִתְחַשֵּׁב;תִּתְחַשֵּׁב;יִתְחַשְּׁבוּ;תִּתְחַשֵּׁבְנָה;הִתְחַשֵּׁב!‏;הִתְחַשְּׁבִי!‏;הִתְחַשְּׁבוּ!‏;הִתְחַשֵּׁבְנָה!‏;לְהִתְחַשֵּׁב;ח - שׁ - ב
63;https://www.pealim.com/dict/2149-lehishtadel/;HITPA'EL;"to make efforts; to lobby";מִשְׁתַּדֵּל;מִשְׁתַּדֶּלֶת;מִשְׁתַּדְּלִים;מִשְׁתַּדְּלוֹת;הִשְׁתַּדַּלְתִּי;הִשְׁתַּדַּלְנוּ;הִשְׁתַּדַּלְתָּ;הִשְׁתַּדַּלְתְּ;הִשְׁתַּדַּלְתֶּם;הִשְׁתַּדַּלְתֶּן;הִשְׁתַּדֵּל;הִשְׁתַּדְּלָה;הִשְׁתַּדְּלוּ;אֶשְׁתַּדֵּל;נִשְׁתַּדֵּל;תִּשְׁתַּדֵּל;תִּשְׁתַּדְּלִי;תִּשְׁתַּדְּלוּ;תִּשְׁתַּדֵּלְנָה;יִשְׁתַּדֵּל;תִּשְׁתַּדֵּל;יִשְׁתַּדְּלוּ;תִּשְׁתַּדֵּלְנָה;הִשְׁתַּדֵּל!‏;הִשְׁתַּדְּלִי!‏;הִשְׁתַּדְּלוּ!‏;הִשְׁתַּדֵּלְנָה!‏;לְהִשְׁתַּדֵּל;שׁ - ד - ל
64;https://www.pealim.com/dict/337-lehitgaleach/;HITPA'EL;to shave;מִתְגַּלֵּחַ;מִתְגַּלַּחַת;מִתְגַּלְּחִים;מִתְגַּלְּחוֹת;הִתְגַּלַּחְתִּי;הִתְגַּלַּחְנוּ;הִתְגַּלַּחְתָּ;הִתְגַּלַּחְתְּ;הִתְגַּלַּחְתֶּם;הִתְגַּלַּחְתֶּן;הִתְגַּלֵּחַ;הִתְגַּלְּחָה;הִתְגַּלְּחוּ;אֶתְגַּלֵּחַ;נִתְגַּלֵּחַ;תִּתְגַּלֵּחַ;תִּתְגַּלְּחִי;תִּתְגַּלְּחוּ;תִּתְגַּלַּחְנָה;יִתְגַּלֵּחַ;תִּתְגַּלֵּחַ;יִתְגַּלְּחוּ;תִּתְגַּלַּחְנָה;הִתְגַּלֵּחַ!‏;הִתְגַּלְּחִי!‏;הִתְגַּלְּחוּ!‏;הִתְגַּלַּחְנָה!‏;לְהִתְגַּלֵּחַ;ג - ל - ח
65;https://www.pealim.com/dict/1896-lehitkaleach/;HITPA'EL;to take a shower;מִתְקַלֵּחַ;מִתְקַלַּחַת;מִתְקַלְּחִים;מִתְקַלְּחוֹת;הִתְקַלַּחְתִּי;הִתְקַלַּחְנוּ;הִתְקַלַּחְתָּ;הִתְקַלַּחְתְּ;הִתְקַלַּחְתֶּם;הִתְקַלַּחְתֶּן;הִתְקַלֵּחַ;הִתְקַלְּחָה;הִתְקַלְּחוּ;אֶתְקַלֵּחַ;נִתְקַלֵּחַ;תִּתְקַלֵּחַ;תִּתְקַלְּחִי;תִּתְקַלְּחוּ;תִּתְקַלַּחְנָה;יִתְקַלֵּחַ;תִּתְקַלֵּחַ;יִתְקַלְּחוּ;תִּתְקַלַּחְנָה;הִתְקַלֵּחַ!‏;הִתְקַלְּחִי!‏;הִתְקַלְּחוּ!‏;הִתְקַלַּחְנָה!‏;לְהִתְקַלֵּחַ;ק - ל - ח
66;https://www.pealim.com/dict/1410-lehistaper/;HITPA'EL;to get one's hair cut;מִסְתַּפֵּר;מִסְתַּפֶּרֶת;מִסְתַּפְּרִים;מִסְתַּפְּרוֹת;הִסְתַּפַּרְתִּי;הִסְתַּפַּרְנוּ;הִסְתַּפַּרְתָּ;הִסְתַּפַּרְתְּ;הִסְתַּפַּרְתֶּם;הִסְתַּפַּרְתֶּן;הִסְתַּפֵּר;הִסְתַּפְּרָה;הִסְתַּפְּרוּ;אֶסְתַּפֵּר;נִסְתַּפֵּר;תִּסְתַּפֵּר;תִּסְתַּפְּרִי;תִּסְתַּפְּרוּ;תִּסְתַּפֵּרְנָה;יִסְתַּפֵּר;תִּסְתַּפֵּר;יִסְתַּפְּרוּ;תִּסְתַּפֵּרְנָה;הִסְתַּפֵּר!‏;הִסְתַּפְּרִי!‏;הִסְתַּפְּרוּ!‏;הִסְתַּפֵּרְנָה!‏;לְהִסְתַּפֵּר;ס - פ - ר
67;https://www.pealim.com/dict/3844-lehitchanech/;HITPA'EL;to be educated;מִתְחַנֵּךְ;מִתְחַנֶּכֶת;מִתְחַנְּכִים;מִתְחַנְּכוֹת;הִתְחַנַּכְתִּי;הִתְחַנַּכְנוּ;הִתְחַנַּכְתָּ;הִתְחַנַּכְתְּ;הִתְחַנַּכְתֶּם;הִתְחַנַּכְתֶּן;הִתְחַנֵּךְ;הִתְחַנְּכָה;הִתְחַנְּכוּ;אֶתְחַנֵּךְ;נִתְחַנֵּךְ;תִּתְחַנֵּךְ;תִּתְחַנְּכִי;תִּתְחַנְּכוּ;תִּתְחַנֵּכְנָה;יִתְחַנֵּךְ;תִּתְחַנֵּךְ;יִתְחַנְּכוּ;תִּתְחַנֵּכְנָה;הִתְחַנֵּךְ!‏;הִתְחַנְּכִי!‏;הִתְחַנְּכוּ!‏;הִתְחַנֵּכְנָה!‏;לְהִתְחַנֵּךְ;ח - נ - ך
68;https://www.pealim.com/dict/578-lehitchazek/;HITPA'EL;to strengthen, to become stronger;מִתְחַזֵּק;מִתְחַזֶּקֶת;מִתְחַזְּקִים;מִתְחַזְּקוֹת;הִתְחַזַּקְתִּי;הִתְחַזַּקְנוּ;הִתְחַזַּקְתָּ;הִתְחַזַּקְתְּ;הִתְחַזַּקְתֶּם;הִתְחַזַּקְתֶּן;הִתְחַזֵּק;הִתְחַזְּקָה;הִתְחַזְּקוּ;אֶתְחַזֵּק;נִתְחַזֵּק;תִּתְחַזֵּק;תִּתְחַזְּקִי;תִּתְחַזְּקוּ;תִּתְחַזֵּקְנָה;יִתְחַזֵּק;תִּתְחַזֵּק;יִתְחַזְּקוּ;תִּתְחַזֵּקְנָה;הִתְחַזֵּק!‏;הִתְחַזְּקִי!‏;הִתְחַזְּקוּ!‏;הִתְחַזֵּקְנָה!‏;לְהִתְחַזֵּק;ח - ז - ק
69;https://www.pealim.com/dict/115-lehitamen/;HITPA'EL;to train, to practise;מִתְאַמֵּן;מִתְאַמֶּנֶת;מִתְאַמְּנִים;מִתְאַמְּנוֹת;הִתְאַמַּנְתִּי;הִתְאַמַּנּוּ;הִתְאַמַּנְתָּ;הִתְאַמַּנְתְּ;הִתְאַמַּנְתֶּם;הִתְאַמַּנְתֶּן;הִתְאַמֵּן;הִתְאַמְּנָה;הִתְאַמְּנוּ;אֶתְאַמֵּן;נִתְאַמֵּן;תִּתְאַמֵּן;תִּתְאַמְּנִי;תִּתְאַמְּנוּ;תִּתְאַמֵּנָּה;יִתְאַמֵּן;תִּתְאַמֵּן;יִתְאַמְּנוּ;תִּתְאַמֵּנָּה;הִתְאַמֵּן!‏;הִתְאַמְּנִי!‏;הִתְאַמְּנוּ!‏;הִתְאַמֵּנָּה!‏;לְהִתְאַמֵּן;א - מ - ן
70;https://www.pealim.com/dict/1344-lehistayem/;HITPA'EL;to end, to be ended;מִסְתַּייֵּם;מִסְתַּייֶּמֶת;מִסְתַּייְּמִים;מִסְתַּייְּמוֹת;נִסְתַּייַּמְתִּי;נִסְתַּייַּמְנוּ;נִסְתַּייַּמְתָּ;נִסְתַּייַּמְתְּ;נִסְתַּייַּמְתֶּם;נִסְתַּייַּמְתֶּן;נִסְתַּייֵּם;נִסְתַּייְּמָה;נִסְתַּייְּמוּ;אֶסְתַּייֵּם;נִסְתַּייֵּם;תִּסְתַּייֵּם;תִּסְתַּייְּמִי;תִּסְתַּייְּמוּ;תִּסְתַּייֵּמְנָה;יִסְתַּייֵּם;תִּסְתַּייֵּם;יִסְתַּייְּמוּ;תִּסְתַּייֵּמְנָה;הִסְתַּייֵּם!‏;הִסְתַּייְּמִי!‏;הִסְתַּייְּמוּ!‏;הִסְתַּייֵּמְנָה!‏;לְהִסְתַּייֵּם;ס - י - ם
71;https://www.pealim.com/dict/896-lehitkaven/;HITPA'EL;to intend, to mean;מִתְכַּווֵּן;מִתְכַּווֶּנֶת;מִתְכַּווְּנִים;מִתְכַּווְּנוֹת;הִתְכַּווַּנְתִּי;הִתְכַּווַּנּוּ;הִתְכַּווַּנְתָּ;הִתְכַּווַּנְתְּ;הִתְכַּווַּנְתֶּם;הִתְכַּווַּנְתֶּן;הִתְכַּווֵּן;הִתְכַּווְּנָה;הִתְכַּווְּנוּ;אֶתְכַּווֵּן;נִתְכַּווֵּן;תִּתְכַּווֵּן;תִּתְכַּווְּנִי;תִּתְכַּווְּנוּ;תִּתְכַּווֵּנָּה;יִתְכַּווֵּן;תִּתְכַּווֵּן;יִתְכַּווְּנוּ;תִּתְכַּווֵּנָּה;הִתְכַּווֵּן!‏;הִתְכַּווְּנִי!‏;הִתְכַּווְּנוּ!‏;הִתְכַּווֵּנָּה!‏;לְהִתְכַּווֵּן;כ - ו - ן
72;https://www.pealim.com/dict/294-lehitgaber/;HITPA'EL;to overcome, to get over (על);מִתְגַּבֵּר;מִתְגַּבֶּרֶת;מִתְגַּבְּרִים;מִתְגַּבְּרוֹת;הִתְגַּבַּרְתִּי;הִתְגַּבַּרְנוּ;הִתְגַּבַּרְתָּ;הִתְגַּבַּרְתְּ;הִתְגַּבַּרְתֶּם;הִתְגַּבַּרְתֶּן;הִתְגַּבֵּר;הִתְגַּבְּרָה;הִתְגַּבְּרוּ;אֶתְגַּבֵּר;נִתְגַּבֵּר;תִּתְגַּבֵּר;תִּתְגַּבְּרִי;תִּתְגַּבְּרוּ;תִּתְגַּבֵּרְנָה;יִתְגַּבֵּר;תִּתְגַּבֵּר;יִתְגַּבְּרוּ;תִּתְגַּבֵּרְנָה;הִתְגַּבֵּר!‏;הִתְגַּבְּרִי!‏;הִתְגַּבְּרוּ!‏;הִתְגַּבֵּרְנָה!‏;לְהִתְגַּבֵּר;ג - ב - ר
73;https://www.pealim.com/dict/178-lehibadek/;NIF'AL;to be tested, examined;נִבְדָּק;נִבְדֶּקֶת;נִבְדָּקִים;נִבְדָּקוֹת;נִבְדַּקְתִּי;נִבְדַּקְנוּ;נִבְדַּקְתָּ;נִבְדַּקְתְּ;נִבְדַּקְתֶּם;נִבְדַּקְתֶּן;נִבְדַּק;נִבְדְּקָה;נִבְדְּקוּ;אֶבָּדֵק;נִיבָּדֵק;תִּיבָּדֵק;תִּיבָּדְקִי;תִּיבָּדְקוּ;תִּיבָּדַקְנָה;יִיבָּדֵק;תִּיבָּדֵק;יִיבָּדְקוּ;תִּיבָּדַקְנָה;הִיבָּדֵק!‏;הִיבָּדְקִי!‏;הִיבָּדְקוּ!‏;הִיבָּדַקְנָה!‏;לְהִיבָּדֵק;ב - ד - ק
74;https://www.pealim.com/dict/918-lehikanes/;NIF'AL;to enter;נִכְנָס;נִכְנֶסֶת;נִכְנָסִים;נִכְנָסוֹת;נִכְנַסְתִּי;נִכְנַסְנוּ;נִכְנַסְתָּ;נִכְנַסְתְּ;נִכְנַסְתֶּם;נִכְנַסְתֶּן;נִכְנַס;נִכְנְסָה;נִכְנְסוּ;אֶכָּנֵס;נִיכָּנֵס;תִּיכָּנֵס;תִּיכָּנְסִי;תִּיכָּנְסוּ;תִּיכָּנַסְנָה;יִיכָּנֵס;תִּיכָּנֵס;יִיכָּנְסוּ;תִּיכָּנַסְנָה;הִיכָּנֵס!‏;הִיכָּנְסִי!‏;הִיכָּנְסוּ!‏;הִיכָּנַסְנָה!‏;לְהִיכָּנֵס;כ - נ - ס
75;https://www.pealim.com/dict/1691-lehipared/;NIF'AL;to be separated, to break up;נִפְרָד;נִפְרֶדֶת;נִפְרָדִים;נִפְרָדוֹת;נִפְרַדְתִּי;נִפְרַדְנוּ;נִפְרַדְתָּ;נִפְרַדְתְּ;נִפְרַדְתֶּם;נִפְרַדְתֶּן;נִפְרַד;נִפְרְדָה;נִפְרְדוּ;אֶפָּרֵד;נִיפָּרֵד;תִּיפָּרֵד;תִּיפָּרְדִי;תִּיפָּרְדוּ;תִּיפָּרַדְנָה;יִיפָּרֵד;תִּיפָּרֵד;יִיפָּרְדוּ;תִּיפָּרַדְנָה;הִיפָּרֵד!‏;הִיפָּרְדִי!‏;הִיפָּרְדוּ!‏;הִיפָּרַדְנָה!‏;לְהִיפָּרֵד;פ - ר - ד
76;https://www.pealim.com/dict/1593-lehipagesh/;NIF'AL;to meet, to run into;נִפְגָּשׁ;נִפְגֶּשֶׁת;נִפְגָּשִׁים;נִפְגָּשׁוֹת;נִפְגַּשְׁתִּי;נִפְגַּשְׁנוּ;נִפְגַּשְׁתָּ;נִפְגַּשְׁתְּ;נִפְגַּשְׁתֶּם;נִפְגַּשְׁתֶּן;נִפְגַּשׁ;נִפְגְּשָׁה;נִפְגְּשׁוּ;אֶפָּגֵשׁ;נִיפָּגֵשׁ;תִּיפָּגֵשׁ;תִּיפָּגְשִׁי;תִּיפָּגְשׁוּ;תִּיפָּגַשְׁנָה;יִיפָּגֵשׁ;תִּיפָּגֵשׁ;יִיפָּגְשׁוּ;תִּיפָּגַשְׁנָה;הִיפָּגֵשׁ!‏;הִיפָּגְשִׁי!‏;הִיפָּגְשׁוּ!‏;הִיפָּגַשְׁנָה!‏;לְהִיפָּגֵשׁ;פ - ג - שׁ
77;https://www.pealim.com/dict/1084-lehimatze/;NIF'AL;"to be found, discovered; to be present, to be located";נִמְצָא;נִמְצֵאת;נִמְצָאִים;נִמְצָאוֹת;נִמְצֵאתִי;נִמְצֵאנוּ;נִמְצֵאתָ;נִמְצֵאת;נִמְצֵאתֶם;נִמְצֵאתֶן;נִמְצָא;נִמְצְאָה;נִמְצְאוּ;אֶמָּצֵא;נִימָּצֵא;תִּימָּצֵא;תִּימָּצְאִי;תִּימָּצְאוּ;תִּימָּצֶאנָה;יִימָּצֵא;תִּימָּצֵא;יִימָּצְאוּ;תִּימָּצֶאנָה;הִימָּצֵא!‏;הִימָּצְאִי!‏;הִימָּצְאוּ!‏;הִימָּצֶאנָה!‏;לְהִימָּצֵא;מ - צ - א
78;https://www.pealim.com/dict/504-lehizacher/;NIF'AL;to recall (ב-);נִזְכָּר;נִזְכֶּרֶת;נִזְכָּרִים;נִזְכָּרוֹת;נִזְכַּרְתִּי;נִזְכַּרְנוּ;נִזְכַּרְתָּ;נִזְכַּרְתְּ;נִזְכַּרְתֶּם;נִזְכַּרְתֶּן;נִזְכַּר;נִזְכְּרָה;נִזְכְּרוּ;אֶזָּכֵר;נִיזָּכֵר;תִּיזָּכֵר;תִּיזָּכְרִי;תִּיזָּכְרוּ;תִּיזָּכַרְנָה;יִיזָּכֵר;תִּיזָּכֵר;יִיזָּכְרוּ;תִּיזָּכַרְנָה;הִיזָּכֵר!‏;הִיזָּכְרִי!‏;הִיזָּכְרוּ!‏;הִיזָּכַרְנָה!‏;לְהִיזָּכֵר;ז - כ - ר
79;https://www.pealim.com/dict/488-lehizaher/;NIF'AL;to be careful, to beware (מן);נִזְהָר;נִזְהֶרֶת;נִזְהָרִים;נִזְהָרוֹת;נִזְהַרְתִּי;נִזְהַרְנוּ;נִזְהַרְתָּ;נִזְהַרְתְּ;נִזְהַרְתֶּם;נִזְהַרְתֶּן;נִזְהַר;נִזְהֲרָה;נִזְהֲרוּ;אֶזָּהֵר;נִיזָּהֵר;תִּיזָּהֵר;תִּיזָּהֲרִי;תִּיזָּהֲרוּ;תִּיזָּהַרְנָה;יִיזָּהֵר;תִּיזָּהֵר;יִיזָּהֲרוּ;תִּיזָּהַרְנָה;הִיזָּהֵר!‏;הִיזָּהֲרִי!‏;הִיזָּהֲרוּ!‏;הִיזָּהַרְנָה!‏;לְהִיזָּהֵר;ז - ה - ר
80;https://www.pealim.com/dict/182-lehibahel/;NIF'AL;to panic, to be alarmed;נִבְהָל;נִבְהֶלֶת;נִבְהָלִים;נִבְהָלוֹת;נִבְהַלְתִּי;נִבְהַלְנוּ;נִבְהַלְתָּ;נִבְהַלְתְּ;נִבְהַלְתֶּם;נִבְהַלְתֶּן;נִבְהַל;נִבְהֲלָה;נִבְהֲלוּ;אֶבָּהֵל;נִיבָּהֵל;תִּיבָּהֵל;תִּיבָּהֲלִי;תִּיבָּהֲלוּ;תִּיבָּהַלְנָה;יִיבָּהֵל;תִּיבָּהֵל;יִיבָּהֲלוּ;תִּיבָּהַלְנָה;הִיבָּהֵל!‏;הִיבָּהֲלִי!‏;הִיבָּהֲלוּ!‏;הִיבָּהַלְנָה!‏;לְהִיבָּהֵל;ב - ה - ל
81;https://www.pealim.com/dict/991-lehilachem/;NIF'AL;to fight, to struggle, to battle;נִלְחָם;נִלְחֶמֶת;נִלְחָמִים;נִלְחָמוֹת;נִלְחַמְתִּי;נִלְחַמְנוּ;נִלְחַמְתָּ;נִלְחַמְתְּ;נִלְחַמְתֶּם;נִלְחַמְתֶּן;נִלְחַם;נִלְחֲמָה;נִלְחֲמוּ;אֶלָּחֵם;נִילָּחֵם;תִּילָּחֵם;תִּילָּחֲמִי;תִּילָּחֲמוּ;תִּילָּחַמְנָה;יִילָּחֵם;תִּילָּחֵם;יִילָּחֲמוּ;תִּילָּחַמְנָה;הִילָּחֵם!‏;הִילָּחֲמִי!‏;הִילָּחֲמוּ!‏;הִילָּחַמְנָה!‏;לְהִילָּחֵם;ל - ח - ם
82;https://www.pealim.com/dict/47-lehishaer/;NIF'AL;to remain;נִשְׁאָר;נִשְׁאֶרֶת;נִשְׁאָרִים;נִשְׁאָרוֹת;נִשְׁאַרְתִּי;נִשְׁאַרְנוּ;נִשְׁאַרְתָּ;נִשְׁאַרְתְּ;נִשְׁאַרְתֶּם;נִשְׁאַרְתֶּן;נִשְׁאַר;נִשְׁאֲרָה;נִשְׁאֲרוּ;אֶשָּׁאֵר;נִישָּׁאֵר;תִּישָּׁאֵר;תִּישָּׁאֲרִי;תִּישָּׁאֲרוּ;תִּישָּׁאַרְנָה;יִישָּׁאֵר;תִּישָּׁאֵר;יִישָּׁאֲרוּ;תִּישָּׁאַרְנָה;הִישָּׁאֵר!‏;הִישָּׁאֲרִי!‏;הִישָּׁאֲרוּ!‏;הִישָּׁאַרְנָה!‏;לְהִישָּׁאֵר;שׁ - א - ר
83;https://www.pealim.com/dict/64-leheavek/;NIF'AL;to struggle, to wrestle;נֶאֱבָק;נֶאֱבֶקֶת;נֶאֱבָקִים;נֶאֱבָקוֹת;נֶאֱבַקְתִּי;נֶאֱבַקְנוּ;נֶאֱבַקְתָּ;נֶאֱבַקְתְּ;נֶאֱבַקְתֶּם;נֶאֱבַקְתֶּן;נֶאֱבַק;נֶאֶבְקָה;נֶאֶבְקוּ;אֵיאָבֵק;נֵיאָבֵק;תֵּיאָבֵק;תֵּיאָבְקִי;תֵּיאָבְקוּ;תֵּיאָבַקְנָה;יֵיאָבֵק;תֵּיאָבֵק;יֵיאָבְקוּ;תֵּיאָבַקְנָה;הֵיאָבֵק!‏;הֵיאָבְקִי!‏;הֵיאָבְקוּ!‏;הֵיאָבַקְנָה!‏;לְהֵיאָבֵק;א - ב - ק
84;https://www.pealim.com/dict/1562-lehearech/;NIF'AL;"to be held, organized; to prepare (for something); to be edited";נֶעֱרָךְ;נֶעֱרֶכֶת;נֶעֱרָכִים;נֶעֱרָכוֹת;נֶעֱרַכְתִּי;נֶעֱרַכְנוּ;נֶעֱרַכְתָּ;נֶעֱרַכְתְּ;נֶעֱרַכְתֶּם;נֶעֱרַכְתֶּן;נֶעֱרַךְ;נֶעֶרְכָה;נֶעֶרְכוּ;אֵיעָרֵךְ;נֵיעָרֵךְ;תֵּיעָרֵךְ;תֵּיעָרְכִי;תֵּיעָרְכוּ;תֵּיעָרַכְנָה;יֵיעָרֵךְ;תֵּיעָרֵךְ;יֵיעָרְכוּ;תֵּיעָרַכְנָה;הֵיעָרֵךְ!‏;הֵיעָרְכִי!‏;הֵיעָרְכוּ!‏;הֵיעָרַכְנָה!‏;לְהֵיעָרֵךְ;ע - ר - ך
85;https://www.pealim.com/dict/1996-leheradem/;NIF'AL;to fall asleep, to doze off;נִרְדָּם;נִרְדֶּמֶת;נִרְדָּמִים;נִרְדָּמוֹת;נִרְדַּמְתִּי;נִרְדַּמְנוּ;נִרְדַּמְתָּ;נִרְדַּמְתְּ;נִרְדַּמְתֶּם;נִרְדַּמְתֶּן;נִרְדַּם;נִרְדְּמָה;נִרְדְּמוּ;אֵירָדֵם;נֵירָדֵם;תֵּירָדֵם;תֵּירָדְמִי;תֵּירָדְמוּ;תֵּירָדַמְנָה;יֵירָדֵם;תֵּירָדֵם;יֵירָדְמוּ;תֵּירָדַמְנָה;הֵירָדֵם!‏;הֵירָדְמִי!‏;הֵירָדְמוּ!‏;הֵירָדַמְנָה!‏;לְהֵירָדֵם;ר - ד - ם
86;https://www.pealim.com/dict/701-lehechashev/;NIF'AL;to be considered as (ל-);נֶחְשָׁב;נֶחְשֶׁבֶת;נֶחְשָׁבִים;נֶחְשָׁבוֹת;נֶחְשַׁבְתִּי;נֶחְשַׁבְנוּ;נֶחְשַׁבְתָּ;נֶחְשַׁבְתְּ;נֶחְשַׁבְתֶּם;נֶחְשַׁבְתֶּן;נֶחְשַׁב;נֶחְשְׁבָה;נֶחְשְׁבוּ;אֵיחָשֵׁב;נֵיחָשֵׁב;תֵּיחָשֵׁב;תֵּיחָשְׁבִי;תֵּיחָשְׁבוּ;תֵּיחָשַׁבְנָה;יֵיחָשֵׁב;תֵּיחָשֵׁב;יֵיחָשְׁבוּ;תֵּיחָשַׁבְנָה;הֵיחָשֵׁב!‏;הֵיחָשְׁבִי!‏;הֵיחָשְׁבוּ!‏;הֵיחָשַׁבְנָה!‏;לְהֵיחָשֵׁב;ח - שׁ - ב
87;https://www.pealim.com/dict/2104-leherashem/;NIF'AL;"to be registered, to be noted; to subscribe";נִרְשָׁם;נִרְשֶׁמֶת;נִרְשָׁמִים;נִרְשָׁמוֹת;נִרְשַׁמְתִּי;נִרְשַׁמְנוּ;נִרְשַׁמְתָּ;נִרְשַׁמְתְּ;נִרְשַׁמְתֶּם;נִרְשַׁמְתֶּן;נִרְשַׁם;נִרְשְׁמָה;נִרְשְׁמוּ;אֵירָשֵׁם;נֵירָשֵׁם;תֵּירָשֵׁם;תֵּירָשְׁמִי;תֵּירָשְׁמוּ;תֵּירָשַׁמְנָה;יֵירָשֵׁם;תֵּירָשֵׁם;יֵירָשְׁמוּ;תֵּירָשַׁמְנָה;הֵירָשֵׁם!‏;הֵירָשְׁמִי!‏;הֵירָשְׁמוּ!‏;הֵירָשַׁמְנָה!‏;לְהֵירָשֵׁם;ר - שׁ - ם
88;https://www.pealim.com/dict/1499-lehealem/;NIF'AL;to disappear;נֶעְלָם;נֶעְלֶמֶת;נֶעְלָמִים;נֶעְלָמוֹת;נֶעְלַמְתִּי;נֶעְלַמְנוּ;נֶעְלַמְתָּ;נֶעְלַמְתְּ;נֶעְלַמְתֶּם;נֶעְלַמְתֶּן;נֶעְלַם;נֶעְלְמָה;נֶעְלְמוּ;אֵיעָלֵם;נֵיעָלֵם;תֵּיעָלֵם;תֵּיעָלְמִי;תֵּיעָלְמוּ;תֵּיעָלַמְנָה;יֵיעָלֵם;תֵּיעָלֵם;יֵיעָלְמוּ;תֵּיעָלַמְנָה;הֵיעָלֵם!‏;הֵיעָלְמִי!‏;הֵיעָלְמוּ!‏;הֵיעָלַמְנָה!‏;לְהֵיעָלֵם;ע - ל - ם
89;https://www.pealim.com/dict/645-lachasoch/;PA'AL;to save, to economise;חוֹסֵךְ;חוֹסֶכֶת;חוֹסְכִים;חוֹסְכוֹת;חָסַכְתִּי;חָסַכְנוּ;חָסַכְתָּ;חָסַכְתְּ;חֲסַכְתֶּם;חֲסַכְתֶּן;חָסַךְ;חָסְכָה;חָסְכוּ;אֶחֱסוֹךְ;נַחֲסוֹךְ;תַּחֲסוֹךְ;תַּחַסְכִי;תַּחַסְכוּ;תַּחֲסוֹכְנָה;יַחֲסוֹךְ;תַּחֲסוֹךְ;יַחַסְכוּ;תַּחֲסוֹכְנָה;חֲסוֹךְ!‏;חִסְכִי!‏;חִסְכוּ!‏;חֲסוֹכְנָה!‏;לַחֲסוֹךְ;ח - ס - ך
90;https://www.pealim.com/dict/1108-limshoch/;PA'AL;to pull, to draw;מוֹשֵׁךְ;מוֹשֶׁכֶת;מוֹשְׁכִים;מוֹשְׁכוֹת;מָשַׁכְתִּי;מָשַׁכְנוּ;מָשַׁכְתָּ;מָשַׁכְתְּ;מְשַׁכְתֶּם;מְשַׁכְתֶּן;מָשַׁךְ;מָשְׁכָה;מָשְׁכוּ;אֶמְשׁוֹךְ;נִמְשׁוֹךְ;תִּמְשׁוֹךְ;תִּמְשְׁכִי;תִּמְשְׁכוּ;תִּמְשׁוֹכְנָה;יִמְשׁוֹךְ;תִּמְשׁוֹךְ;יִמְשְׁכוּ;תִּמְשׁוֹכְנָה;מְשׁוֹךְ!‏;מִשְׁכִי!‏;מִשְׁכוּ!‏;מְשׁוֹכְנָה!‏;לִמְשׁוֹךְ;מ - שׁ - ך
91;https://www.pealim.com/dict/2208-liskor/;PA'AL;to rent, to hire;שׂוֹכֵר;שׂוֹכֶרֶת;שׂוֹכְרִים;שׂוֹכְרוֹת;שָׂכַרְתִּי;שָׂכַרְנוּ;שָׂכַרְתָּ;שָׂכַרְתְּ;שְׂכַרְתֶּם;שְׂכַרְתֶּן;שָׂכַר;שָׂכְרָה;שָׂכְרוּ;אֶשְׂכּוֹר;נִשְׂכּוֹר;תִּשְׂכּוֹר;תִּשְׂכְּרִי;תִּשְׂכְּרוּ;תִּשְׂכּוֹרְנָה;יִשְׂכּוֹר;תִּשְׂכּוֹר;יִשְׂכְּרוּ;תִּשְׂכּוֹרְנָה;שְׂכוֹר!‏;שִׂכְרִי!‏;שִׂכְרוּ!‏;שְׂכוֹרְנָה!‏;לִשְׂכּוֹר;שׂ - כ - ר
92;https://www.pealim.com/dict/1592-lifgosh/;PA'AL;to meet, to encounter;פּוֹגֵשׁ;פּוֹגֶשֶׁת;פּוֹגְשִׁים;פּוֹגְשׁוֹת;פָּגַשְׁתִּי;פָּגַשְׁנוּ;פָּגַשְׁתָּ;פָּגַשְׁתְּ;פְּגַשְׁתֶּם;פְּגַשְׁתֶּן;פָּגַשׁ;פָּגְשָׁה;פָּגְשׁוּ;אֶפְגּוֹשׁ;נִפְגּוֹשׁ;תִּפְגּוֹשׁ;תִּפְגְּשִׁי;תִּפְגְּשׁוּ;תִּפְגּוֹשְׁנָה;יִפְגּוֹשׁ;תִּפְגּוֹשׁ;יִפְגְּשׁוּ;תִּפְגּוֹשְׁנָה;פְּגוֹשׁ!‏;פִּגְשִׁי!‏;פִּגְשׁוּ!‏;פְּגוֹשְׁנָה!‏;לִפְגּוֹשׁ;פ - ג - שׁ
93;https://www.pealim.com/dict/2103-lirshom/;PA'AL;"to note, to register; to draw, to sketch";רוֹשֵׁם;רוֹשֶׁמֶת;רוֹשְׁמִים;רוֹשְׁמוֹת;רָשַׁמְתִּי;רָשַׁמְנוּ;רָשַׁמְתָּ;רָשַׁמְתְּ;רְשַׁמְתֶּם;רְשַׁמְתֶּן;רָשַׁם;רָשְׁמָה;רָשְׁמוּ;אֶרְשׁוֹם;נִרְשׁוֹם;תִּרְשׁוֹם;תִּרְשְׁמִי;תִּרְשְׁמוּ;תִּרְשׁוֹמְנָה;יִרְשׁוֹם;תִּרְשׁוֹם;יִרְשְׁמוּ;תִּרְשׁוֹמְנָה;רְשׁוֹם!‏;רִשְׁמִי!‏;רִשְׁמוּ!‏;רְשׁוֹמְנָה!‏;לִרְשׁוֹם;ר - שׁ - ם
94;https://www.pealim.com/dict/1301-lisbol/;PA'AL;"to suffer; to tolerate";סוֹבֵל;סוֹבֶלֶת;סוֹבְלִים;סוֹבְלוֹת;סָבַלְתִּי;סָבַלְנוּ;סָבַלְתָּ;סָבַלְתְּ;סְבַלְתֶּם;סְבַלְתֶּן;סָבַל;סָבְלָה;סָבְלוּ;אֶסְבּוֹל;נִסְבּוֹל;תִּסְבּוֹל;תִּסְבְּלִי;תִּסְבְּלוּ;תִּסְבּוֹלְנָה;יִסְבּוֹל;תִּסְבּוֹל;יִסְבְּלוּ;תִּסְבּוֹלְנָה;סְבוֹל!‏;סִבְלִי!‏;סִבְלוּ!‏;סְבוֹלְנָה!‏;לִסְבּוֹל;ס - ב - ל
95;https://www.pealim.com/dict/848-laredet/;PA'AL;"to descend; to emigrate from Israel";יוֹרֵד;יוֹרֶדֶת;יוֹרְדִים;יוֹרְדוֹת;יָרַדְתִּי;יָרַדְנוּ;יָרַדְתָּ;יָרַדְתְּ;יְרַדְתֶּם;יְרַדְתֶּן;יָרַד;יָרְדָה;יָרְדוּ;אֵרֵד;נֵרֵד;תֵּרֵד;תֵּרְדִי;תֵּרְדוּ;תֵּרַדְנָה;יֵרֵד;תֵּרֵד;יֵרְדוּ;תֵּרַדְנָה;רֵד!‏;רְדִי!‏;רְדוּ!‏;רֵדְנָה!‏;לָרֶדֶת;י - ר - ד
96;https://www.pealim.com/dict/38-lirkod/;PA'AL;to dance;רוֹקֵד;רוֹקֶדֶת;רוֹקְדִים;רוֹקְדוֹת;רָקַדְתִּי;רָקַדְנוּ;רָקַדְתָּ;רָקַדְתְּ;רְקַדְתֶּם;רְקַדְתֶּן;רָקַד;רָקְדָה;רָקְדוּ;אֶרְקוֹד;נִרְקוֹד;תִּרְקוֹד;תִּרְקְדִי;תִּרְקְדוּ;תִּרְקוֹדְנָה;יִרְקוֹד;תִּרְקוֹד;יִרְקְדוּ;תִּרְקוֹדְנָה;רְקוֹד!‏;רִקְדִי!‏;רִקְדוּ!‏;רְקוֹדְנָה!‏;לִרְקוֹד;ר - ק - ד
97;https://www.pealim.com/dict/351-ligmor/;PA'AL;to finish, to complete;גּוֹמֵר;גּוֹמֶרֶת;גּוֹמְרִים;גּוֹמְרוֹת;גָּמַרְתִּי;גָּמַרְנוּ;גָּמַרְתָּ;גָּמַרְתְּ;גְּמַרְתֶּם;גְּמַרְתֶּן;גָּמַר;גָּמְרָה;גָּמְרוּ;אֶגְמוֹר;נִגְמוֹר;תִּגְמוֹר;תִּגְמְרִי;תִּגְמְרוּ;תִּגְמוֹרְנָה;יִגְמוֹר;תִּגְמוֹר;יִגְמְרוּ;תִּגְמוֹרְנָה;גְּמוֹר!‏;גִּמְרִי!‏;גִּמְרוּ!‏;גְּמוֹרְנָה!‏;לִגְמוֹר;ג - מ - ר
98;https://www.pealim.com/dict/177-livdok/;PA'AL;to check, to examine;בּוֹדֵק;בּוֹדֶקֶת;בּוֹדְקִים;בּוֹדְקוֹת;בָּדַקְתִּי;בָּדַקְנוּ;בָּדַקְתָּ;בָּדַקְתְּ;בְּדַקְתֶּם;בְּדַקְתֶּן;בָּדַק;בָּדְקָה;בָּדְקוּ;אֶבְדּוֹק;נִבְדּוֹק;תִּבְדּוֹק;תִּבְדְּקִי;תִּבְדְּקוּ;תִּבְדּוֹקְנָה;יִבְדּוֹק;תִּבְדּוֹק;יִבְדְּקוּ;תִּבְדּוֹקְנָה;בְּדוֹק!‏;בִּדְקִי!‏;בִּדְקוּ!‏;בְּדוֹקְנָה!‏;לִבְדּוֹק;ב - ד - ק
99;https://www.pealim.com/dict/555-lachog/;PA'AL;to celebrate;חוֹגֵג;חוֹגֶגֶת;חוֹגְגִים;חוֹגְגוֹת;חַגּוֹתִי;חַגּוֹנוּ;חַגּוֹתָ;חַגּוֹת;חַגּוֹתֶם;חַגּוֹתֶן;חָגַג;חָגְגָה;חָגְגוּ;אָחוֹג;נָחוֹג;תָּחוֹג;תָּחוֹגִּי;תָּחוֹגּוּ;תְּחוּגֶּינָה;יָחוֹג;תָּחוֹג;יָחוֹגּוּ;תְּחוּגֶּינָה;חוֹג!‏;חוֹגִּי!‏;חוֹגּוּ!‏;חוּגֶּינָה!‏;לָחוֹג;ח - ג - ג
100;https://www.pealim.com/dict/1025-lamod/;PA'AL;"to measure; to measure, to try (of clothes)";מוֹדֵד;מוֹדֶדֶת;מוֹדְדִים;מוֹדְדוֹת;מַדּוֹתִי;מַדּוֹנוּ;מַדּוֹתָ;מַדּוֹת;מַדּוֹתֶם;מַדּוֹתֶן;מָדַד;מָדְדָה;מָדְדוּ;אָמוֹד;נָמוֹד;תָּמוֹד;תָּמוֹדִּי;תָּמוֹדּוּ;תְּמוּדֶּינָה;יָמוֹד;תָּמוֹד;יָמוֹדּוּ;תְּמוּדֶּינָה;מוֹד!‏;מוֹדִּי!‏;מוֹדּוּ!‏;מוּדֶּינָה!‏;לָמוֹד;מ - ד - ד
101;https://www.pealim.com/dict/41-lilmod/;PA'AL;to learn, to study;לוֹמֵד;לוֹמֶדֶת;לוֹמְדִים;לוֹמְדוֹת;לָמַדְתִּי;לָמַדְנוּ;לָמַדְתָּ;לָמַדְתְּ;לְמַדְתֶּם;לְמַדְתֶּן;לָמַד;לָמְדָה;לָמְדוּ;אֶלְמַד;נִלְמַד;תִּלְמַד;תִּלְמְדִי;תִּלְמְדוּ;תִּלְמַדְנָה;יִלְמַד;תִּלְמַד;יִלְמְדוּ;תִּלְמַדְנָה;לְמַד!‏;לִמְדִי!‏;לִמְדוּ!‏;לְמַדְנָה!‏;לִלְמוֹד;ל - מ - ד
102;https://www.pealim.com/dict/1072-limsor/;PA'AL;to send (a message), to transfer;מוֹסֵר;מוֹסֶרֶת;מוֹסְרִים;מוֹסְרוֹת;מָסַרְתִּי;מָסַרְנוּ;מָסַרְתָּ;מָסַרְתְּ;מְסַרְתֶּם;מְסַרְתֶּן;מָסַר;מָסְרָה;מָסְרוּ;אֶמְסוֹר;נִמְסוֹר;תִּמְסוֹר;תִּמְסְרִי;תִּמְסְרוּ;תִּמְסוֹרְנָה;יִמְסוֹר;תִּמְסוֹר;יִמְסְרוּ;תִּמְסוֹרְנָה;מְסוֹר!‏;מִסְרִי!‏;מִסְרוּ!‏;מְסוֹרְנָה!‏;לִמְסוֹר;מ - ס - ר
103;https://www.pealim.com/dict/128-leesof/;PA'AL;to collect, to pick up, to reap;אוֹסֵף;אוֹסֶפֶת;אוֹסְפִים;אוֹסְפוֹת;אָסַפְתִּי;אָסַפְנוּ;אָסַפְתָּ;אָסַפְתְּ;אֲסַפְתֶּם;אֲסַפְתֶּן;אָסַף;אָסְפָה;אָסְפוּ;אֶאֱסוֹף;נֶאֱסוֹף;תֶּאֱסוֹף;תֶּאֶסְפִי;תֶּאֶסְפוּ;תֶּאֱסוֹפְנָה;יֶאֱסוֹף;תֶּאֱסוֹף;יֶאֶסְפוּ;תֶּאֱסוֹפְנָה;אֱסוֹף!‏;אִסְפִי!‏;אִסְפוּ!‏;אֱסוֹפְנָה!‏;לֶאֱסוֹף;א - ס - ף
104;https://www.pealim.com/dict/43-limkor/;PA'AL;to sell;מוֹכֵר;מוֹכֶרֶת;מוֹכְרִים;מוֹכְרוֹת;מָכַרְתִּי;מָכַרְנוּ;מָכַרְתָּ;מָכַרְתְּ;מְכַרְתֶּם;מְכַרְתֶּן;מָכַר;מָכְרָה;מָכְרוּ;אֶמְכּוֹר;נִמְכּוֹר;תִּמְכּוֹר;תִּמְכְּרִי;תִּמְכְּרוּ;תִּמְכּוֹרְנָה;יִמְכּוֹר;תִּמְכּוֹר;יִמְכְּרוּ;תִּמְכּוֹרְנָה;מְכוֹר!‏;מִכְרִי!‏;מִכְרוּ!‏;מְכוֹרְנָה!‏;לִמְכּוֹר;מ - כ - ר
105;https://www.pealim.com/dict/721-lachtom/;PA'AL;to sign, to seal, to finish;חוֹתֵם;חוֹתֶמֶת;חוֹתְמִים;חוֹתְמוֹת;חָתַמְתִּי;חָתַמְנוּ;חָתַמְתָּ;חָתַמְתְּ;חֲתַמְתֶּם;חֲתַמְתֶּן;חָתַם;חָתְמָה;חָתְמוּ;אֶחְתּוֹם;נַחְתּוֹם;תַּחְתּוֹם;תַּחְתְּמִי;תַּחְתְּמוּ;תַּחְתּוֹמְנָה;יַחְתּוֹם;תַּחְתּוֹם;יַחְתְּמוּ;תַּחְתּוֹמְנָה;חֲתוֹם!‏;חִתְמִי!‏;חִתְמוּ!‏;חֲתוֹמְנָה!‏;לַחְתּוֹם;ח - ת - ם
106;https://www.pealim.com/dict/1542-laatzor/;PA'AL;"to stop, to halt; to imprison, to arrest; to press oil from olives";עוֹצֵר;עוֹצֶרֶת;עוֹצְרִים;עוֹצְרוֹת;עָצַרְתִּי;עָצַרְנוּ;עָצַרְתָּ;עָצַרְתְּ;עֲצַרְתֶּם;עֲצַרְתֶּן;עָצַר;עָצְרָה;עָצְרוּ;אֶעֱצוֹר;נַעֲצוֹר;תַּעֲצוֹר;תַּעַצְרִי;תַּעַצְרוּ;תַּעֲצוֹרְנָה;יַעֲצוֹר;תַּעֲצוֹר;יַעַצְרוּ;תַּעֲצוֹרְנָה;עֲצוֹר!‏;עִצְרִי!‏;עִצְרוּ!‏;עֲצוֹרְנָה!‏;לַעֲצוֹר;ע - צ - ר
107;https://www.pealim.com/dict/1314-lisgor/;PA'AL;"to close, to shut; to turn off (a machine, a light)";סוֹגֵר;סוֹגֶרֶת;סוֹגְרִים;סוֹגְרוֹת;סָגַרְתִּי;סָגַרְנוּ;סָגַרְתָּ;סָגַרְתְּ;סְגַרְתֶּם;סְגַרְתֶּן;סָגַר;סָגְרָה;סָגְרוּ;אֶסְגּוֹר;נִסְגּוֹר;תִּסְגּוֹר;תִּסְגְּרִי;תִּסְגְּרוּ;תִּסְגּוֹרְנָה;יִסְגּוֹר;תִּסְגּוֹר;יִסְגְּרוּ;תִּסְגּוֹרְנָה;סְגוֹר!‏;סִגְרִי!‏;סִגְרוּ!‏;סְגוֹרְנָה!‏;לִסְגּוֹר;ס - ג - ר
108;https://www.pealim.com/dict/34-lizkor/;PA'AL;to remember;זוֹכֵר;זוֹכֶרֶת;זוֹכְרִים;זוֹכְרוֹת;זָכַרְתִּי;זָכַרְנוּ;זָכַרְתָּ;זָכַרְתְּ;זְכַרְתֶּם;זְכַרְתֶּן;זָכַר;זָכְרָה;זָכְרוּ;אֶזְכּוֹר;נִזְכּוֹר;תִּזְכּוֹר;תִּזְכְּרִי;תִּזְכְּרוּ;תִּזְכּוֹרְנָה;יִזְכּוֹר;תִּזְכּוֹר;יִזְכְּרוּ;תִּזְכּוֹרְנָה;זְכוֹר!‏;זִכְרִי!‏;זִכְרוּ!‏;זְכוֹרְנָה!‏;לִזְכּוֹר;ז - כ - ר
109;https://www.pealim.com/dict/2255-lishmor/;PA'AL;"to guard; to keep, to maintain (על)";שׁוֹמֵר;שׁוֹמֶרֶת;שׁוֹמְרִים;שׁוֹמְרוֹת;שָׁמַרְתִּי;שָׁמַרְנוּ;שָׁמַרְתָּ;שָׁמַרְתְּ;שְׁמַרְתֶּם;שְׁמַרְתֶּן;שָׁמַר;שָׁמְרָה;שָׁמְרוּ;אֶשְׁמוֹר;נִשְׁמוֹר;תִּשְׁמוֹר;תִּשְׁמְרִי;תִּשְׁמְרוּ;תִּשְׁמוֹרְנָה;יִשְׁמוֹר;תִּשְׁמוֹר;יִשְׁמְרוּ;תִּשְׁמוֹרְנָה;שְׁמוֹר!‏;שִׁמְרִי!‏;שִׁמְרוּ!‏;שְׁמוֹרְנָה!‏;לִשְׁמוֹר;שׁ - מ - ר
110;https://www.pealim.com/dict/46-laazor/;PA'AL;to help, to assist, to aid;עוֹזֵר;עוֹזֶרֶת;עוֹזְרִים;עוֹזְרוֹת;עָזַרְתִּי;עָזַרְנוּ;עָזַרְתָּ;עָזַרְתְּ;עֲזַרְתֶּם;עֲזַרְתֶּן;עָזַר;עָזְרָה;עָזְרוּ;אֶעֱזוֹר;נַעֲזוֹר;תַּעֲזוֹר;תַּעַזְרִי;תַּעַזְרוּ;תַּעֲזוֹרְנָה;יַעֲזוֹר;תַּעֲזוֹר;יַעַזְרוּ;תַּעֲזוֹרְנָה;עֲזוֹר!‏;עִזְרִי!‏;עִזְרוּ!‏;עֲזוֹרְנָה!‏;לַעֲזוֹר;ע - ז - ר
111;https://www.pealim.com/dict/10-lishkav/;PA'AL;to lie, to lie down;שׁוֹכֵב;שׁוֹכֶבֶת;שׁוֹכְבִים;שׁוֹכְבוֹת;שָׁכַבְתִּי;שָׁכַבְנוּ;שָׁכַבְתָּ;שָׁכַבְתְּ;שְׁכַבְתֶּם;שְׁכַבְתֶּן;שָׁכַב;שָׁכְבָה;שָׁכְבוּ;אֶשְׁכַּב;נִשְׁכַּב;תִּשְׁכַּב;תִּשְׁכְּבִי;תִּשְׁכְּבוּ;תִּשְׁכַּבְנָה;יִשְׁכַּב;תִּשְׁכַּב;יִשְׁכְּבוּ;תִּשְׁכַּבְנָה;שְׁכַב!‏;שִׁכְבִי!‏;שִׁכְבוּ!‏;שְׁכַבְנָה!‏;לִשְׁכַּב;שׁ - כ - ב
112;https://www.pealim.com/dict/48-lachazor/;PA'AL;"to return (intransitive); to repeat (על)";חוֹזֵר;חוֹזֶרֶת;חוֹזְרִים;חוֹזְרוֹת;חָזַרְתִּי;חָזַרְנוּ;חָזַרְתָּ;חָזַרְתְּ;חֲזַרְתֶּם;חֲזַרְתֶּן;חָזַר;חָזְרָה;חָזְרוּ;אֶחֱזוֹר;נַחֲזוֹר;תַּחֲזוֹר;תַּחַזְרִי;תַּחַזְרוּ;תַּחֲזוֹרְנָה;יַחֲזוֹר;תַּחֲזוֹר;יַחַזְרוּ;תַּחֲזוֹרְנָה;חֲזוֹר!‏;חִזְרִי!‏;חִזְרוּ!‏;חֲזוֹרְנָה!‏;לַחֲזוֹר;ח - ז - ר
113;https://www.pealim.com/dict/30-leechol/;PA'AL;to eat;אוֹכֵל;אוֹכֶלֶת;אוֹכְלִים;אוֹכְלוֹת;אָכַלְתִּי;אָכַלְנוּ;אָכַלְתָּ;אָכַלְתְּ;אֲכַלְתֶּם;אֲכַלְתֶּן;אָכַל;אָכְלָה;אָכְלוּ;אוֹכַל;נֹאכַל;תֹּאכַל;תֹּאכְלִי;תֹּאכְלוּ;תֹּאכַלְנָה;יֹאכַל;תֹּאכַל;יֹאכְלוּ;תֹּאכַלְנָה;אֱכוֹל!‏;אִכְלִי!‏;אִכְלוּ!‏;אֱכוֹלְנָה!‏;לֶאֱכוֹל;א - כ - ל
114;https://www.pealim.com/dict/700-lachshov/;PA'AL;to think;חוֹשֵׁב;חוֹשֶׁבֶת;חוֹשְׁבִים;חוֹשְׁבוֹת;חָשַׁבְתִּי;חָשַׁבְנוּ;חָשַׁבְתָּ;חָשַׁבְתְּ;חֲשַׁבְתֶּם;חֲשַׁבְתֶּן;חָשַׁב;חָשְׁבָה;חָשְׁבוּ;אֶחְשׁוֹב;נַחְשׁוֹב;תַּחְשׁוֹב;תַּחְשְׁבִי;תַּחְשְׁבוּ;תַּחְשׁוֹבְנָה;יַחְשׁוֹב;תַּחְשׁוֹב;יַחְשְׁבוּ;תַּחְשׁוֹבְנָה;חֲשׁוֹב!‏;חִשְׁבִי!‏;חִשְׁבוּ!‏;חֲשׁוֹבְנָה!‏;לַחְשׁוֹב;ח - שׁ - ב
115;https://www.pealim.com/dict/8-laamod/;PA'AL;"to stand; to stop, to stand still; to be about to, to be going to";עוֹמֵד;עוֹמֶדֶת;עוֹמְדִים;עוֹמְדוֹת;עָמַדְתִּי;עָמַדְנוּ;עָמַדְתָּ;עָמַדְתְּ;עֲמַדְתֶּם;עֲמַדְתֶּן;עָמַד;עָמְדָה;עָמְדוּ;אֶעֱמוֹד;נַעֲמוֹד;תַּעֲמוֹד;תַּעַמְדִי;תַּעַמְדוּ;תַּעֲמוֹדְנָה;יַעֲמוֹד;תַּעֲמוֹד;יַעַמְדוּ;תַּעֲמוֹדְנָה;עֲמוֹד!‏;עִמְדִי!‏;עִמְדוּ!‏;עֲמוֹדְנָה!‏;לַעֲמוֹד;ע - מ - ד
116;https://www.pealim.com/dict/51-laavod/;PA'AL;"to work; to operate, to function";עוֹבֵד;עוֹבֶדֶת;עוֹבְדִים;עוֹבְדוֹת;עָבַדְתִּי;עָבַדְנוּ;עָבַדְתָּ;עָבַדְתְּ;עֲבַדְתֶּם;עֲבַדְתֶּן;עָבַד;עָבְדָה;עָבְדוּ;אֶעֱבוֹד;נַעֲבוֹד;תַּעֲבוֹד;תַּעַבְדִי;תַּעַבְדוּ;תַּעֲבוֹדְנָה;יַעֲבוֹד;תַּעֲבוֹד;יַעַבְדוּ;תַּעֲבוֹדְנָה;עֲבוֹד!‏;עִבְדִי!‏;עִבְדוּ!‏;עֲבוֹדְנָה!‏;לַעֲבוֹד;ע - ב - ד
117;https://www.pealim.com/dict/1-lichtov/;PA'AL;to write;כּוֹתֵב;כּוֹתֶבֶת;כּוֹתְבִים;כּוֹתְבוֹת;כָּתַבְתִּי;כָּתַבְנוּ;כָּתַבְתָּ;כָּתַבְתְּ;כְּתַבְתֶּם;כְּתַבְתֶּן;כָּתַב;כָּתְבָה;כָּתְבוּ;אֶכְתּוֹב;נִכְתּוֹב;תִּכְתּוֹב;תִּכְתְּבִי;תִּכְתְּבוּ;תִּכְתּוֹבְנָה;יִכְתּוֹב;תִּכְתּוֹב;יִכְתְּבוּ;תִּכְתּוֹבְנָה;כְּתוֹב!‏;כִּתְבִי!‏;כִּתְבוּ!‏;כְּתוֹבְנָה!‏;לִכְתּוֹב;כ - ת - ב
118;https://www.pealim.com/dict/353-lignov/;PA'AL;to steal;גּוֹנֵב;גּוֹנֶבֶת;גּוֹנְבִים;גּוֹנְבוֹת;גָּנַבְתִּי;גָּנַבְנוּ;גָּנַבְתָּ;גָּנַבְתְּ;גְּנַבְתֶּם;גְּנַבְתֶּן;גָּנַב;גָּנְבָה;גָּנְבוּ;אֶגְנוֹב;נִגְנוֹב;תִּגְנוֹב;תִּגְנְבִי;תִּגְנְבוּ;תִּגְנוֹבְנָה;יִגְנוֹב;תִּגְנוֹב;יִגְנְבוּ;תִּגְנוֹבְנָה;גְּנוֹב!‏;גִּנְבִי!‏;גִּנְבוּ!‏;גְּנוֹבְנָה!‏;לִגְנוֹב;ג - נ - ב
119;https://www.pealim.com/dict/2040-lirkav/;PA'AL;to ride;רוֹכֵב;רוֹכֶבֶת;רוֹכְבִים;רוֹכְבוֹת;רָכַבְתִּי;רָכַבְנוּ;רָכַבְתָּ;רָכַבְתְּ;רְכַבְתֶּם;רְכַבְתֶּן;רָכַב;רָכְבָה;רָכְבוּ;אֶרְכַּב;נִרְכַּב;תִּרְכַּב;תִּרְכְּבִי;תִּרְכְּבוּ;תִּרְכַּבְנָה;יִרְכַּב;תִּרְכַּב;יִרְכְּבוּ;תִּרְכַּבְנָה;רְכַב!‏;רִכְבִי!‏;רִכְבוּ!‏;רְכַבְנָה!‏;לִרְכּוֹב;ר - כ - ב
120;https://www.pealim.com/dict/36-lishkoach/;PA'AL;to forget;שׁוֹכֵחַ;שׁוֹכַחַת;שׁוֹכְחִים;שׁוֹכְחוֹת;שָׁכַחְתִּי;שָׁכַחְנוּ;שָׁכַחְתָּ;שָׁכַחְתְּ;שְׁכַחְתֶּם;שְׁכַחְתֶּן;שָׁכַח;שָׁכְחָה;שָׁכְחוּ;אֶשְׁכַּח;נִשְׁכַּח;תִּשְׁכַּח;תִּשְׁכְּחִי;תִּשְׁכְּחוּ;תִּשְׁכַּחְנָה;יִשְׁכַּח;תִּשְׁכַּח;יִשְׁכְּחוּ;תִּשְׁכַּחְנָה;שְׁכַח!‏;שִׁכְחִי!‏;שִׁכְחוּ!‏;שְׁכַחְנָה!‏;לִשְׁכּוֹחַ;שׁ - כ - ח
121;https://www.pealim.com/dict/2220-lishloach/;PA'AL;to send, to dispatch;שׁוֹלֵחַ;שׁוֹלַחַת;שׁוֹלְחִים;שׁוֹלְחוֹת;שָׁלַחְתִּי;שָׁלַחְנוּ;שָׁלַחְתָּ;שָׁלַחְתְּ;שְׁלַחְתֶּם;שְׁלַחְתֶּן;שָׁלַח;שָׁלְחָה;שָׁלְחוּ;אֶשְׁלַח;נִשְׁלַח;תִּשְׁלַח;תִּשְׁלְחִי;תִּשְׁלְחוּ;תִּשְׁלַחְנָה;יִשְׁלַח;תִּשְׁלַח;יִשְׁלְחוּ;תִּשְׁלַחְנָה;שְׁלַח!‏;שִׁלְחִי!‏;שִׁלְחוּ!‏;שְׁלַחְנָה!‏;לִשְׁלוֹחַ;שׁ - ל - ח
122;https://www.pealim.com/dict/1972-lirot/;PA'AL;to see;רוֹאֶה;רוֹאָה;רוֹאִים;רוֹאוֹת;רָאִיתִי;רָאִינוּ;רָאִיתָ;רָאִית;רְאִיתֶם;רְאִיתֶן;רָאָה;רָאֲתָה;רָאוּ;אֶרְאֶה;נִרְאֶה;תִּרְאֶה;תִּרְאִי;תִּרְאוּ;תִּרְאֶינָה;יִרְאֶה;תִּרְאֶה;יִרְאוּ;תִּרְאֶינָה;רְאֵה!‏;רְאִי!‏;רְאוּ!‏;רְאֶינָה!‏;לִרְאוֹת;ר - א - ה
123;https://www.pealim.com/dict/1640-lifnot/;PA'AL;to turn, to face, to speak to (ל-);פּוֹנֶה;פּוֹנָה;פּוֹנִים;פּוֹנוֹת;פָּנִיתִי;פָּנִינוּ;פָּנִיתָ;פָּנִית;פְּנִיתֶם;פְּנִיתֶן;פָּנָה;פָּנְתָה;פָּנוּ;אֶפְנֶה;נִפְנֶה;תִּפְנֶה;תִּפְנִי;תִּפְנוּ;תִּפְנֶינָה;יִפְנֶה;תִּפְנֶה;יִפְנוּ;תִּפְנֶינָה;פְּנֵה!‏;פְּנִי!‏;פְּנוּ!‏;פְּנֶינָה!‏;לִפְנוֹת;פ - נ - ה
124;https://www.pealim.com/dict/17-livkot/;PA'AL;to cry, to weep;בּוֹכֶה;בּוֹכָה;בּוֹכִים;בּוֹכוֹת;בָּכִיתִי;בָּכִינוּ;בָּכִיתָ;בָּכִית;בְּכִיתֶם;בְּכִיתֶן;בָּכָה;בָּכְתָה;בָּכוּ;אֶבְכֶּה;נִבְכֶּה;תִּבְכֶּה;תִּבְכִּי;תִּבְכּוּ;תִּבְכֶּינָה;יִבְכֶּה;תִּבְכֶּה;יִבְכּוּ;תִּבְכֶּינָה;בְּכֵה!‏;בְּכִי!‏;בְּכוּ!‏;בְּכֶינָה!‏;לִבְכּוֹת;ב - כ - ה
125;https://www.pealim.com/dict/11-larutz/;PA'AL;to run;רָץ;רָצָה;רָצִים;רָצוֹת;רַצְתִּי;רַצְנוּ;רַצְתָּ;רַצְתְּ;רַצְתֶּם;רַצְתֶּן;רָץ;רָצָה;רָצוּ;אָרוּץ;נָרוּץ;תָּרוּץ;תָּרוּצִי;תָּרוּצוּ;תָּרוֹצְנָה;יָרוּץ;תָּרוּץ;יָרוּצוּ;תָּרוֹצְנָה;רוּץ!‏;רוּצִי!‏;רוּצוּ!‏;רוֹצְנָה!‏;לָרוּץ;ר - ו - ץ
126;https://www.pealim.com/dict/5-lashir/;PA'AL;to sing;שָׁר;שָׁרָה;שָׁרִים;שָׁרוֹת;שַׁרְתִּי;שַׁרְנוּ;שַׁרְתָּ;שַׁרְתְּ;שַׁרְתֶּם;שַׁרְתֶּן;שָׁר;שָׁרָה;שָׁרוּ;אָשִׁיר;נָשִׁיר;תָּשִׁיר;תָּשִׁירִי;תָּשִׁירוּ;תָּשֵׁרְנָה;יָשִׁיר;תָּשִׁיר;יָשִׁירוּ;תָּשֵׁרְנָה;שִׁיר!‏;שִׁירִי!‏;שִׁירוּ!‏;שֵׁרְנָה!‏;לָשִׁיר;שׁ - י - ר
127;https://www.pealim.com/dict/28-lavo/;PA'AL;to come;בָּא;בָּאָה;בָּאִים;בָּאוֹת;בָּאתִי;בָּאנוּ;בָּאתָ;בָּאת;בָּאתֶם;בָּאתֶן;בָּא;בָּאָה;בָּאוּ;אָבוֹא;נָבוֹא;תָּבוֹא;תָּבוֹאִי;תָּבוֹאוּ;תָּבוֹאְנָה;יָבוֹא;תָּבוֹא;יָבוֹאוּ;תָּבוֹאְנָה;בּוֹא!‏;בּוֹאִי!‏;בּוֹאוּ!‏;בּוֹאְנָה!‏;לָבוֹא;ב - ו - א
128;https://www.pealim.com/dict/1876-lakum/;PA'AL;"to get up, to stand up, to arise; to be established, to come into being";קָם;קָמָה;קָמִים;קָמוֹת;קַמְתִּי;קַמְנוּ;קַמְתָּ;קַמְתְּ;קַמְתֶּם;קַמְתֶּן;קָם;קָמָה;קָמוּ;אָקוּם;נָקוּם;תָּקוּם;תָּקוּמִי;תָּקוּמוּ;תָּקוֹמְנָה;יָקוּם;תָּקוּם;יָקוּמוּ;תָּקוֹמְנָה;קוּם!‏;קוּמִי!‏;קוּמוּ!‏;קוֹמְנָה!‏;לָקוּם;ק - ו - ם
129;https://www.pealim.com/dict/4-lagur/;PA'AL;to live (in a specific location), to reside;גָּר;גָּרָה;גָּרִים;גָּרוֹת;גַּרְתִּי;גַּרְנוּ;גַּרְתָּ;גַּרְתְּ;גַּרְתֶּם;גַּרְתֶּן;גָּר;גָּרָה;גָּרוּ;אָגוּר;נָגוּר;תָּגוּר;תָּגוּרִי;תָּגוּרוּ;תָּגוֹרְנָה;יָגוּר;תָּגוּר;יָגוּרוּ;תָּגוֹרְנָה;גּוּר!‏;גּוּרִי!‏;גּוּרוּ!‏;גּוֹרְנָה!‏;לָגוּר;ג - ו - ר
130;https://www.pealim.com/dict/1164-lanuach/;PA'AL;to rest, to relax;נָח;נָחָה;נָחִים;נָחוֹת;נַחְתִּי;נַחְנוּ;נַחְתָּ;נַחְתְּ;נַחְתֶּם;נַחְתֶּן;נָח;נָחָה;נָחוּ;אָנוּחַ;נָנוּחַ;תָּנוּחַ;תָּנוּחִי;תָּנוּחוּ;תָּנַחְנָה;יָנוּחַ;תָּנוּחַ;יָנוּחוּ;תָּנַחְנָה;נוּחַ!‏;נוּחִי!‏;נוּחוּ!‏;נַחְנָה!‏;לָנוּחַ;נ - ו - ח
131;https://www.pealim.com/dict/234-livnot/;PA'AL;to build, to construct;בּוֹנֶה;בּוֹנָה;בּוֹנִים;בּוֹנוֹת;בָּנִיתִי;בָּנִינוּ;בָּנִיתָ;בָּנִית;בְּנִיתֶם;בְּנִיתֶן;בָּנָה;בָּנְתָה;בָּנוּ;אֶבְנֶה;נִבְנֶה;תִּבְנֶה;תִּבְנִי;תִּבְנוּ;תִּבְנֶינָה;יִבְנֶה;תִּבְנֶה;יִבְנוּ;תִּבְנֶינָה;בְּנֵה!‏;בְּנִי!‏;בְּנוּ!‏;בְּנֶינָה!‏;לִבְנוֹת;ב - נ - ה
132;https://www.pealim.com/dict/493-lazuz/;PA'AL;to move, to budge;זָז;זָזָה;זָזִים;זָזוֹת;זַזְתִּי;זַזְנוּ;זַזְתָּ;זַזְתְּ;זַזְתֶּם;זַזְתֶּן;זָז;זָזָה;זָזוּ;אָזוּז;נָזוּז;תָּזוּז;תָּזוּזִי;תָּזוּזוּ;תָּזוֹזְנָה;יָזוּז;תָּזוּז;יָזוּזוּ;תָּזוֹזְנָה;זוּז!‏;זוּזִי!‏;זוּזוּ!‏;זוֹזְנָה!‏;לָזוּז;ז - ו - ז
133;https://www.pealim.com/dict/2154-lashuv/;PA'AL;"to return; to do again";שָׁב;שָׁבָה;שָׁבִים;שָׁבוֹת;שַׁבְתִּי;שַׁבְנוּ;שַׁבְתָּ;שַׁבְתְּ;שַׁבְתֶּם;שַׁבְתֶּן;שָׁב;שָׁבָה;שָׁבוּ;אָשׁוּב;נָשׁוּב;תָּשׁוּב;תָּשׁוּבִי;תָּשׁוּבוּ;תָּשׁוֹבְנָה;יָשׁוּב;תָּשׁוּב;יָשׁוּבוּ;תָּשׁוֹבְנָה;שׁוּב!‏;שׁוּבִי!‏;שׁוּבוּ!‏;שׁוֹבְנָה!‏;לָשׁוּב;שׁ - ו - ב
134;https://www.pealim.com/dict/791-ladaat/;PA'AL;to know;יוֹדֵעַ;יוֹדַעַת;יוֹדְעִים;יוֹדְעוֹת;יָדַעְתִּי;יָדַעְנוּ;יָדַעְתָּ;יָדַעְתְּ;יְדַעְתֶּם;יְדַעְתֶּן;יָדַע;יָדְעָה;יָדְעוּ;אֵדַע;נֵדַע;תֵּדַע;תֵּדְעִי;תֵּדְעוּ;תֵּדַעְנָה;יֵדַע;תֵּדַע;יֵדְעוּ;תֵּדַעְנָה;דַּע!‏;דְּעִי!‏;דְּעוּ!‏;דַּעְנָה!‏;לָדַעַת;י - ד - ע
135;https://www.pealim.com/dict/1140-lagaat/;PA'AL;to touch (ב־);נוֹגֵעַ;נוֹגַעַת;נוֹגְעִים;נוֹגְעוֹת;נָגַעְתִּי;נָגַעְנוּ;נָגַעְתָּ;נָגַעְתְּ;נְגַעְתֶּם;נְגַעְתֶּן;נָגַע;נָגְעָה;נָגְעוּ;אֶגַּע;נִיגַּע;תִּיגַּע;תִּיגְּעִי;תִּיגְּעוּ;תִּיגַּעְנָה;יִיגַּע;תִּיגַּע;יִיגְּעוּ;תִּיגַּעְנָה;גַּע!‏;גְּעִי!‏;גְּעוּ!‏;גַּעְנָה!‏;לָגַעַת;נ - ג - ע
136;https://www.pealim.com/dict/797-lichyot/;PA'AL;to live;חַי;חַיָּה;חַיִּים;חַיּוֹת;חָיִיתִי;חָיִינוּ;חָיִיתָ;חָיִית;חֱיִיתֶם;חֱיִיתֶן;חַי;חָייְתָה;חָיוּ;אֶחְיֶה;נִחְיֶה;תִּחְיֶה;תִּחְיִי;תִּחְיוּ;תִּחְיֶינָה;יִחְיֶה;תִּחְיֶה;יִחְיוּ;תִּחְיֶינָה;חֲיֵה!‏;חֲיִי!‏;חֲיוּ!‏;חֲיֶינָה!‏;לִחְיוֹת;ח - י - ה
137;https://www.pealim.com/dict/1285-latet/;PA'AL;to give, to allow;נוֹתֵן;נוֹתֶנֶת;נוֹתְנִים;נוֹתְנוֹת;נָתַתִּי;נָתַנּוּ;נָתַתָּ;נָתַתְּ;נָתַתֶּם;נָתַתֶּן;נָתַן;נָתְנָה;נָתְנוּ;אֶתֵּן;נִיתֵּן;תִּיתֵּן;תִּיתְּנִי;תִּיתְּנוּ;תִּיתֵּנָּה;יִיתֵּן;תִּיתֵּן;יִיתְּנוּ;תִּיתֵּנָּה;תֵּן!‏;תְּנִי!‏;תְּנוּ!‏;תֵּנָּה!‏;לָתֵת;נ - ת - ן
138;https://www.pealim.com/dict/7-lalechet/;PA'AL;to go;הוֹלֵךְ;הוֹלֶכֶת;הוֹלְכִים;הוֹלְכוֹת;הָלַכְתִּי;הָלַכְנוּ;הָלַכְתָּ;הָלַכְתְּ;הֲלַכְתֶּם;הֲלַכְתֶּן;הָלַךְ;הָלְכָה;הָלְכוּ;אֵלֵךְ;נֵלֵךְ;תֵּלֵךְ;תֵּלְכִי;תֵּלְכוּ;תֵּלַכְנָה;יֵלֵךְ;תֵּלֵךְ;יֵלְכוּ;תֵּלַכְנָה;לֵךְ!‏;לְכִי!‏;לְכוּ!‏;לֵכְנָה!‏;לָלֶכֶת;ה - ל - ך
139;https://www.pealim.com/dict/9-lashevet/;PA'AL;to sit, to settle;יוֹשֵׁב;יוֹשֶׁבֶת;יוֹשְׁבִים;יוֹשְׁבוֹת;יָשַׁבְתִּי;יָשַׁבְנוּ;יָשַׁבְתָּ;יָשַׁבְתְּ;יְשַׁבְתֶּם;יְשַׁבְתֶּן;יָשַׁב;יָשְׁבָה;יָשְׁבוּ;אֵשֵׁב;נֵשֵׁב;תֵּשֵׁב;תֵּשְׁבִי;תֵּשְׁבוּ;תֵּשַׁבְנָה;יֵשֵׁב;תֵּשֵׁב;יֵשְׁבוּ;תֵּשַׁבְנָה;שֵׁב!‏;שְׁבִי!‏;שְׁבוּ!‏;שֵׁבְנָה!‏;לָשֶׁבֶת;י - שׁ - ב
140;https://www.pealim.com/dict/2427-lakachat/;PA'AL;to take;לוֹקֵחַ;לוֹקַחַת;לוֹקְחִים;לוֹקְחוֹת;לָקַחְתִּי;לָקַחְנוּ;לָקַחְתָּ;לָקַחְתְּ;לְקַחְתֶּם;לְקַחְתֶּן;לָקַח;לָקְחָה;לָקְחוּ;אֶקַּח;נִיקַּח;תִּיקַּח;תִּיקְּחִי;תִּיקְּחוּ;תִּיקַּחְנָה;יִיקַּח;תִּיקַּח;יִיקְּחוּ;תִּיקַּחְנָה;קַח!‏;קְחִי!‏;קְחוּ!‏;קַחְנָה!‏;לָקַחַת;ל - ק - ח
141;https://www.pealim.com/dict/1215-linsoa/;PA'AL;to ride, to drive, to travel;נוֹסֵעַ;נוֹסַעַת;נוֹסְעִים;נוֹסְעוֹת;נָסַעְתִּי;נָסַעְנוּ;נָסַעְתָּ;נָסַעְתְּ;נְסַעְתֶּם;נְסַעְתֶּן;נָסַע;נָסְעָה;נָסְעוּ;אֶסַּע;נִיסַּע;תִּיסַּע;תִּיסְּעִי;תִּיסְּעוּ;תִּיסַּעְנָה;יִיסַּע;תִּיסַּע;יִיסְּעוּ;תִּיסַּעְנָה;סַע!‏;סְעִי!‏;סְעוּ!‏;סַעְנָה!‏;לִנְסוֹעַ;נ - ס - ע
142;https://www.pealim.com/dict/417-ladun/;PA'AL;"to discuss; to sentence";דָּן;דָּנָה;דָּנִים;דָּנוֹת;דַּנְתִּי;דַּנּוּ;דַּנְתָּ;דַּנְתְּ;דַּנְתֶּם;דַּנְתֶּן;דָּן;דָּנָה;דָּנוּ;אָדוּן;נָדוּן;תָּדוּן;תָּדוּנִי;תָּדוּנוּ;תָּדוֹנָּה;יָדוּן;תָּדוּן;יָדוּנוּ;תָּדוֹנָּה;דּוּן!‏;דּוּנִי!‏;דּוּנוּ!‏;דּוֹנָּה!‏;לָדוּן;ד - ו - ן
143;https://www.pealim.com/dict/5832-lishchot/;PA'AL;to bow down, to stoop, to bend over (lit.);שׁוֹחֶה;שׁוֹחָה;שׁוֹחִים;שׁוֹחוֹת;שָׁחִיתִי;שָׁחִינוּ;שָׁחִיתָ;שָׁחִית;שְׁחִיתֶם;שְׁחִיתֶן;שָׁחָה;שָׁחֲתָה;שָׁחוּ;אֶשְׁחֶה;נִשְׁחֶה;תִּשְׁחֶה;תִּשְׁחִי;תִּשְׁחוּ;תִּשְׁחֶינָה;יִשְׁחֶה;תִּשְׁחֶה;יִשְׁחוּ;תִּשְׁחֶינָה;שְׁחֵה!‏;שְׁחִי!‏;שְׁחוּ!‏;שְׁחֶינָה!‏;לִשְׁחוֹת;שׁ - ח - ה
144;https://www.pealim.com/dict/26-laalot/;PA'AL;"to rise, to ascend; to immigrate to Israel; to cost";עוֹלֶה;עוֹלָה;עוֹלִים;עוֹלוֹת;עָלִיתִי;עָלִינוּ;עָלִיתָ;עָלִית;עֲלִיתֶם;עֲלִיתֶן;עָלָה;עָלְתָה;עָלוּ;אֶעֱלֶה;נַעֲלֶה;תַּעֲלֶה;תַּעֲלִי;תַּעֲלוּ;תַּעֲלֶינָה;יַעֲלֶה;תַּעֲלֶה;יַעֲלוּ;תַּעֲלֶינָה;עֲלֵה!‏;עֲלִי!‏;עֲלוּ!‏;עֲלֶינָה!‏;לַעֲלוֹת;ע - ל - ה
145;https://www.pealim.com/dict/3-laasot/;PA'AL;to do, to make, to create;עוֹשֶׂה;עוֹשָׂה;עוֹשִׂים;עוֹשׂוֹת;עָשִׂיתִי;עָשִׂינוּ;עָשִׂיתָ;עָשִׂית;עֲשִׂיתֶם;עֲשִׂיתֶן;עָשָׂה;עָשְׂתָה;עָשׂוּ;אֶעֱשֶׂה;נַעֲשֶׂה;תַּעֲשֶׂה;תַּעֲשִׂי;תַּעֲשׂוּ;תַּעֲשֶׂינָה;יַעֲשֶׂה;תַּעֲשֶׂה;יַעֲשׂוּ;תַּעֲשֶׂינָה;עֲשֵׂה!‏;עֲשִׂי!‏;עֲשׂוּ!‏;עֲשֶׂינָה!‏;לַעֲשׂוֹת;ע - שׂ - ה
146;https://www.pealim.com/dict/298-ligdol/;PA'AL;to grow, to increase;גָּדֵל;גְּדֵלָה;גְּדֵלִים;גְּדֵלוֹת;גָּדַלְתִּי;גָּדַלְנוּ;גָּדַלְתָּ;גָּדַלְתְּ;גְּדַלְתֶּם;גְּדַלְתֶּן;גָּדֵל;גָּדְלָה;גָּדְלוּ;אֶגְדַּל;נִגְדַּל;תִּגְדַּל;תִּגְדְּלִי;תִּגְדְּלוּ;תִּגְדַּלְנָה;יִגְדַּל;תִּגְדַּל;יִגְדְּלוּ;תִּגְדַּלְנָה;גְּדַל!‏;גִּדְלִי!‏;גִּדְלוּ!‏;גְּדַלְנָה!‏;לִגְדּוֹל;ג - ד - ל
147;https://www.pealim.com/dict/67-leehov/;PA'AL;to love;אוֹהֵב;אוֹהֶבֶת;אוֹהֲבִים;אוֹהֲבוֹת;אָהַבְתִּי;אָהַבְנוּ;אָהַבְתָּ;אָהַבְתְּ;אֲהַבְתֶּם;אֲהַבְתֶּן;אָהַב;אָהֲבָה;אָהֲבוּ;אוֹהַב;נֹאהַב;תֹּאהַב;תֹּאהֲבִי;תֹּאהֲבוּ;תֹּאהַבְנָה;יֹאהַב;תֹּאהַב;יֹאהֲבוּ;תֹּאהַבְנָה;אֱהַב!‏;אֶהֱבִי!‏;אֶהֱבוּ!‏;אֱהַבְנָה!‏;לֶאֱהוֹב;א - ה - ב
148;https://www.pealim.com/dict/1747-liftoach/;PA'AL;"to open, to unlock; to turn on (a light, etc.)";פּוֹתֵחַ;פּוֹתַחַת;פּוֹתְחִים;פּוֹתְחוֹת;פָּתַחְתִּי;פָּתַחְנוּ;פָּתַחְתָּ;פָּתַחְתְּ;פְּתַחְתֶּם;פְּתַחְתֶּן;פָּתַח;פָּתְחָה;פָּתְחוּ;אֶפְתַּח;נִפְתַּח;תִּפְתַּח;תִּפְתְּחִי;תִּפְתְּחוּ;תִּפְתַּחְנָה;יִפְתַּח;תִּפְתַּח;יִפְתְּחוּ;תִּפְתַּחְנָה;פְּתַח!‏;פִּתְחִי!‏;פִּתְחוּ!‏;פְּתַחְנָה!‏;לִפְתּוֹחַ;פ - ת - ח
149;https://www.pealim.com/dict/973-lilbosh/;PA'AL;to put on (a garment), to wear;לוֹבֵשׁ;לוֹבֶשֶׁת;לוֹבְשִׁים;לוֹבְשׁוֹת;לָבַשְׁתִּי;לָבַשְׁנוּ;לָבַשְׁתָּ;לָבַשְׁתְּ;לְבַשְׁתֶּם;לְבַשְׁתֶּן;לָבַשׁ;לָבְשָׁה;לָבְשׁוּ;אֶלְבַּשׁ;נִלְבַּשׁ;תִּלְבַּשׁ;תִּלְבְּשִׁי;תִּלְבְּשׁוּ;תִּלְבַּשְׁנָה;יִלְבַּשׁ;תִּלְבַּשׁ;יִלְבְּשׁוּ;תִּלְבַּשְׁנָה;לְבַשׁ!‏;לִבְשִׁי!‏;לִבְשׁוּ!‏;לְבַשְׁנָה!‏;לִלְבּוֹשׁ;ל - ב - שׁ
150;https://www.pealim.com/dict/2250-lishmoa/;PA'AL;"to hear; to listen";שׁוֹמֵעַ;שׁוֹמַעַת;שׁוֹמְעִים;שׁוֹמְעוֹת;שָׁמַעְתִּי;שָׁמַעְנוּ;שָׁמַעְתָּ;שָׁמַעְתְּ;שְׁמַעְתֶּם;שְׁמַעְתֶּן;שָׁמַע;שָׁמְעָה;שָׁמְעוּ;אֶשְׁמַע;נִשְׁמַע;תִּשְׁמַע;תִּשְׁמְעִי;תִּשְׁמְעוּ;תִּשְׁמַעְנָה;יִשְׁמַע;תִּשְׁמַע;יִשְׁמְעוּ;תִּשְׁמַעְנָה;שְׁמַע!‏;שִׁמְעִי!‏;שִׁמְעוּ!‏;שְׁמַעְנָה!‏;לִשְׁמוֹעַ;שׁ - מ - ע
151;https://www.pealim.com/dict/13-likro/;PA'AL;"to read (ב-, את); to call (ל-)";קוֹרֵא;קוֹרֵאת;קוֹרְאִים;קוֹרְאוֹת;קָרָאתִי;קָרָאנוּ;קָרָאתָ;קָרָאת;קְרָאתֶם;קְרָאתֶן;קָרָא;קָרְאָה;קָרְאוּ;אֶקְרָא;נִקְרָא;תִּקְרָא;תִּקְרְאִי;תִּקְרְאוּ;תִּקְרֶאנָה;יִקְרָא;תִּקְרָא;יִקְרְאוּ;תִּקְרֶאנָה;קְרָא!‏;קִרְאִי!‏;קִרְאוּ!‏;קְרֶאנָה!‏;לִקְרוֹא;ק - ר - א
152;https://www.pealim.com/dict/1083-limtzo/;PA'AL;to find, to encounter;מוֹצֵא;מוֹצֵאת;מוֹצְאִים;מוֹצְאוֹת;מָצָאתִי;מָצָאנוּ;מָצָאתָ;מָצָאת;מְצָאתֶם;מְצָאתֶן;מָצָא;מָצְאָה;מָצְאוּ;אֶמְצָא;נִמְצָא;תִּמְצָא;תִּמְצְאִי;תִּמְצְאוּ;תִּמְצֶאנָה;יִמְצָא;תִּמְצָא;יִמְצְאוּ;תִּמְצֶאנָה;מְצָא!‏;מִצְאִי!‏;מִצְאוּ!‏;מְצֶאנָה!‏;לִמְצוֹא;מ - צ - א
153;https://www.pealim.com/dict/1759-litzboa/;PA'AL;to paint, to colour, to tint;צוֹבֵעַ;צוֹבַעַת;צוֹבְעִים;צוֹבְעוֹת;צָבַעְתִּי;צָבַעְנוּ;צָבַעְתָּ;צָבַעְתְּ;צְבַעְתֶּם;צְבַעְתֶּן;צָבַע;צָבְעָה;צָבְעוּ;אֶצְבַּע;נִצְבַּע;תִּצְבַּע;תִּצְבְּעִי;תִּצְבְּעוּ;תִּצְבַּעְנָה;יִצְבַּע;תִּצְבַּע;יִצְבְּעוּ;תִּצְבַּעְנָה;צְבַע!‏;צִבְעִי!‏;צִבְעוּ!‏;צְבַעְנָה!‏;לִצְבּוֹעַ;צ - ב - ע
154;https://www.pealim.com/dict/39-lishol/;PA'AL;"to ask; to borrow";שׁוֹאֵל;שׁוֹאֶלֶת;שׁוֹאֲלִים;שׁוֹאֲלוֹת;שָׁאַלְתִּי;שָׁאַלְנוּ;שָׁאַלְתָּ;שָׁאַלְתְּ;שְׁאַלְתֶּם;שְׁאַלְתֶּן;שָׁאַל;שָׁאֲלָה;שָׁאֲלוּ;אֶשְׁאַל;נִשְׁאַל;תִּשְׁאַל;תִּשְׁאֲלִי;תִּשְׁאֲלוּ;תִּשְׁאַלְנָה;יִשְׁאַל;תִּשְׁאַל;יִשְׁאֲלוּ;תִּשְׁאַלְנָה;שְׁאַל!‏;שַׁאֲלִי!‏;שַׁאֲלוּ!‏;שְׁאַלְנָה!‏;לִשְׁאוֹל;שׁ - א - ל
155;https://www.pealim.com/dict/206-livchor/;PA'AL;to choose;בּוֹחֵר;בּוֹחֶרֶת;בּוֹחֲרִים;בּוֹחֲרוֹת;בָּחַרְתִּי;בָּחַרְנוּ;בָּחַרְתָּ;בָּחַרְתְּ;בְּחַרְתֶּם;בְּחַרְתֶּן;בָּחַר;בָּחֲרָה;בָּחֲרוּ;אֶבְחַר;נִבְחַר;תִּבְחַר;תִּבְחֲרִי;תִּבְחֲרוּ;תִּבְחַרְנָה;יִבְחַר;תִּבְחַר;יִבְחֲרוּ;תִּבְחַרְנָה;בְּחַר!‏;בַּחֲרִי!‏;בַּחֲרוּ!‏;בְּחַרְנָה!‏;לִבְחוֹר;ב - ח - ר
156;https://www.pealim.com/dict/1153-linhog/;PA'AL;"to drive (a vehicle) (ב־); to have a manner of doing something, to usually do something";נוֹהֵג;נוֹהֶגֶת;נוֹהֲגִים;נוֹהֲגוֹת;נָהַגְתִּי;נָהַגְנוּ;נָהַגְתָּ;נָהַגְתְּ;נְהַגְתֶּם;נְהַגְתֶּן;נָהַג;נָהֲגָה;נָהֲגוּ;אֶנְהַג;נִנְהַג;תִּנְהַג;תִּנְהֲגִי;תִּנְהֲגוּ;תִּנְהַגְנָה;יִנְהַג;תִּנְהַג;יִנְהֲגוּ;תִּנְהַגְנָה;נְהַג!‏;נַהֲגִי!‏;נַהֲגוּ!‏;נְהַגְנָה!‏;לִנְהוֹג;נ - ה - ג
157;https://www.pealim.com/dict/875-lichov/;PA'AL;to ache, to hurt, to feel pain;כּוֹאֵב;כּוֹאֶבֶת;כּוֹאֲבִים;כּוֹאֲבוֹת;כָּאַבְתִּי;כָּאַבְנוּ;כָּאַבְתָּ;כָּאַבְתְּ;כְּאַבְתֶּם;כְּאַבְתֶּן;כָּאַב;כָּאֲבָה;כָּאֲבוּ;אֶכְאַב;נִכְאַב;תִּכְאַב;תִּכְאֲבִי;תִּכְאֲבוּ;תִּכְאַבְנָה;יִכְאַב;תִּכְאַב;יִכְאֲבוּ;תִּכְאַבְנָה;כְּאַב!‏;כַּאֲבִי!‏;כַּאֲבוּ!‏;כְּאַבְנָה!‏;לִכְאוֹב;כ - א - ב
158;https://www.pealim.com/dict/930-lichos/;PA'AL;to be angry (at someone — על);כּוֹעֵס;כּוֹעֶסֶת;כּוֹעֲסִים;כּוֹעֲסוֹת;כָּעַסְתִּי;כָּעַסְנוּ;כָּעַסְתָּ;כָּעַסְתְּ;כְּעַסְתֶּם;כְּעַסְתֶּן;כָּעַס;כָּעֲסָה;כָּעֲסוּ;אֶכְעַס;נִכְעַס;תִּכְעַס;תִּכְעֲסִי;תִּכְעֲסוּ;תִּכְעַסְנָה;יִכְעַס;תִּכְעַס;יִכְעֲסוּ;תִּכְעַסְנָה;כְּעַס!‏;כַּעֲסִי!‏;כַּעֲסוּ!‏;כְּעַסְנָה!‏;לִכְעוֹס;כ - ע - ס
159;https://www.pealim.com/dict/45-lasim/;PA'AL;to put, to put on;שָׂם;שָׂמָה;שָׂמִים;שָׂמוֹת;שַׂמְתִּי;שַׂמְנוּ;שַׂמְתָּ;שַׂמְתְּ;שַׂמְתֶּם;שַׂמְתֶּן;שָׂם;שָׂמָה;שָׂמוּ;אָשִׂים;נָשִׂים;תָּשִׂים;תָּשִׂימִי;תָּשִׂימוּ;תָּשֵׂמְנָה;יָשִׂים;תָּשִׂים;יָשִׂימוּ;תָּשֵׂמְנָה;שִׂים!‏;שִׂימִי!‏;שִׂימוּ!‏;שֵׂמְנָה!‏;לָשִׂים;שׂ - י - ם
160;https://www.pealim.com/dict/394-lidog/;PA'AL;to worry, to fret (ל-);דּוֹאֵג;דּוֹאֶגֶת;דּוֹאֲגִים;דּוֹאֲגוֹת;דָּאַגְתִּי;דָּאַגְנוּ;דָּאַגְתָּ;דָּאַגְתְּ;דְּאַגְתֶּם;דְּאַגְתֶּן;דָּאַג;דָּאֲגָה;דָּאֲגוּ;אֶדְאַג;נִדְאַג;תִּדְאַג;תִּדְאֲגִי;תִּדְאֲגוּ;תִּדְאַגְנָה;יִדְאַג;תִּדְאַג;יִדְאֲגוּ;תִּדְאַגְנָה;דְּאַג!‏;דַּאֲגִי!‏;דַּאֲגוּ!‏;דְּאַגְנָה!‏;לִדְאוֹג;ד - א - ג
161;https://www.pealim.com/dict/40-laanot/;PA'AL;to answer, to reply;עוֹנֶה;עוֹנָה;עוֹנִים;עוֹנוֹת;עָנִיתִי;עָנִינוּ;עָנִיתָ;עָנִית;עֲנִיתֶם;עֲנִיתֶן;עָנָה;עָנְתָה;עָנוּ;אֶעֱנֶה;נַעֲנֶה;תַּעֲנֶה;תַּעֲנִי;תַּעֲנוּ;תַּעֲנֶינָה;יַעֲנֶה;תַּעֲנֶה;יַעֲנוּ;תַּעֲנֶינָה;עֲנֵה!‏;עֲנִי!‏;עֲנוּ!‏;עֲנֶינָה!‏;לַעֲנוֹת;ע - נ - ה
162;https://www.pealim.com/dict/1913-liknot/;PA'AL;to buy, to purchase;קוֹנֶה;קוֹנָה;קוֹנִים;קוֹנוֹת;קָנִיתִי;קָנִינוּ;קָנִיתָ;קָנִית;קְנִיתֶם;קְנִיתֶן;קָנָה;קָנְתָה;קָנוּ;אֶקְנֶה;נִקְנֶה;תִּקְנֶה;תִּקְנִי;תִּקְנוּ;תִּקְנֶינָה;יִקְנֶה;תִּקְנֶה;יִקְנוּ;תִּקְנֶינָה;קְנֵה!‏;קְנִי!‏;קְנוּ!‏;קְנֶינָה!‏;לִקְנוֹת;ק - נ - ה
163;https://www.pealim.com/dict/1827-litzpot/;PA'AL;to watch, to observe, to predict;צוֹפֶה;צוֹפָה;צוֹפִים;צוֹפוֹת;צָפִיתִי;צָפִינוּ;צָפִיתָ;צָפִית;צְפִיתֶם;צְפִיתֶן;צָפָה;צָפְתָה;צָפוּ;אֶצְפֶּה;נִצְפֶּה;תִּצְפֶּה;תִּצְפִּי;תִּצְפּוּ;תִּצְפֶּינָה;יִצְפֶּה;תִּצְפֶּה;יִצְפּוּ;תִּצְפֶּינָה;צְפֵה!‏;צְפִי!‏;צְפוּ!‏;צְפֶינָה!‏;לִצְפּוֹת;צ - פ - ה
164;https://www.pealim.com/dict/31-lishtot/;PA'AL;to drink;שׁוֹתֶה;שׁוֹתָה;שׁוֹתִים;שׁוֹתוֹת;שָׁתִיתִי;שָׁתִינוּ;שָׁתִיתָ;שָׁתִית;שְׁתִיתֶם;שְׁתִיתֶן;שָׁתָה;שָׁתְתָה;שָׁתוּ;אֶשְׁתֶּה;נִשְׁתֶּה;תִּשְׁתֶּה;תִּשְׁתִּי;תִּשְׁתּוּ;תִּשְׁתֶּינָה;יִשְׁתֶּה;תִּשְׁתֶּה;יִשְׁתּוּ;תִּשְׁתֶּינָה;שְׁתֵה!‏;שְׁתִי!‏;שְׁתוּ!‏;שְׁתֶינָה!‏;לִשְׁתּוֹת;שׁ - ת - ה
165;https://www.pealim.com/dict/454-lihyot/;PA'AL;to be;הָיִיתִי;הָיִינוּ;הָיִיתָ;הָיִית;הֱיִיתֶם;הֱיִיתֶן;הָיָה;הָייְתָה;הָיוּ;אֶהְיֶה;נִהְיֶה;תִּהְיֶה;תִּהְיִי;תִּהְיוּ;תִּהְיֶינָה;יִהְיֶה;תִּהְיֶה;יִהְיוּ;תִּהְיֶינָה;הֱיֵה!‏;הֱיִי!‏;הֱיוּ!‏;הֱיֶינָה!‏;לִהְיוֹת;ה - י - ה;;;;
166;https://www.pealim.com/dict/12-lirtzot/;PA'AL;to want;רוֹצֶה;רוֹצָה;רוֹצִים;רוֹצוֹת;רָצִיתִי;רָצִינוּ;רָצִיתָ;רָצִית;רְצִיתֶם;רְצִיתֶן;רָצָה;רָצְתָה;רָצוּ;אֶרְצֶה;נִרְצֶה;תִּרְצֶה;תִּרְצִי;תִּרְצוּ;תִּרְצֶינָה;יִרְצֶה;תִּרְצֶה;יִרְצוּ;תִּרְצֶינָה;רְצֵה!‏;רְצִי!‏;רְצוּ!‏;רְצֶינָה!‏;לִרְצוֹת;ר - צ - ה
167;https://www.pealim.com/dict/832-latzet/;PA'AL;to exit, to go out;יוֹצֵא;יוֹצֵאת;יוֹצְאִים;יוֹצְאוֹת;יָצָאתִי;יָצָאנוּ;יָצָאתָ;יָצָאת;יְצָאתֶם;יְצָאתֶן;יָצָא;יָצְאָה;יָצְאוּ;אֵצֵא;נֵצֵא;תֵּצֵא;תֵּצְאִי;תֵּצְאוּ;תֵּצֶאנָה;יֵצֵא;תֵּצֵא;יֵצְאוּ;תֵּצֶאנָה;צֵא!‏;צְאִי!‏;צְאוּ!‏;צֶאנָה!‏;לָצֵאת;י - צ - א
168;https://www.pealim.com/dict/55-lomar/;PA'AL;to say, to tell (in the infinitive, imperative and future tense לְהַגִּיד is used instead);אוֹמֵר;אוֹמֶרֶת;אוֹמְרִים;אוֹמְרוֹת;אָמַרְתִּי;אָמַרְנוּ;אָמַרְתָּ;אָמַרְתְּ;אֲמַרְתֶּם;אֲמַרְתֶּן;אָמַר;אָמְרָה;אָמְרוּ;אוֹמַר;נֹאמַר;תֹּאמַר;תֹּאמְרִי;תֹּאמְרוּ;תֹּאמַרְנָה;יֹאמַר;תֹּאמַר;יֹאמְרוּ;תֹּאמַרְנָה;אֱמוֹר!‏;אִמְרִי!‏;אִמְרוּ!‏;אֱמוֹרְנָה!‏;לוֹמַר;א - מ - ר
169;https://www.pealim.com/dict/1576-leashen/;PI'EL;"to smoke (cigarettes), to emit smoke; to smoke (food)";מְעַשֵּׁן;מְעַשֶּׁנֶת;מְעַשְּׁנִים;מְעַשְּׁנוֹת;עִישַּׁנְתִּי;עִישַּׁנּוּ;עִישַּׁנְתָּ;עִישַּׁנְתְּ;עִישַּׁנְתֶּם;עִישַּׁנְתֶּן;עִישֵּׁן;עִישְּׁנָה;עִישְּׁנוּ;אֲעַשֵּׁן;נְעַשֵּׁן;תְּעַשֵּׁן;תְּעַשְּׁנִי;תְּעַשְּׁנוּ;תְּעַשֵּׁנָּה;יְעַשֵּׁן;תְּעַשֵּׁן;יְעַשְּׁנוּ;תְּעַשֵּׁנָּה;עַשֵּׁן!‏;עַשְּׁנִי!‏;עַשְּׁנוּ!‏;עַשֵּׁנָּה!‏;לְעַשֵּׁן;ע - שׁ - ן
170;https://www.pealim.com/dict/265-levarech/;PI'EL;to bless, to greet, to felicitate;מְבָרֵךְ;מְבָרֶכֶת;מְבָרְכִים;מְבָרְכוֹת;בֵּירַכְתִּי;בֵּירַכְנוּ;בֵּירַכְתָּ;בֵּירַכְתְּ;בֵּירַכְתֶּם;בֵּירַכְתֶּן;בֵּירֵךְ;בֵּירְכָה;בֵּירְכוּ;אֲבָרֵךְ;נְבָרֵךְ;תְּבָרֵךְ;תְּבָרְכִי;תְּבָרְכוּ;תְּבָרֵכְנָה;יְבָרֵךְ;תְּבָרֵךְ;יְבָרְכוּ;תְּבָרֵכְנָה;בָּרֵךְ!‏;בָּרְכִי!‏;בָּרְכוּ!‏;בָּרֵכְנָה!‏;לְבָרֵךְ;ב - ר - ך
171;https://www.pealim.com/dict/2392-letaken/;PI'EL;to repair, to correct, to improve;מְתַקֵּן;מְתַקֶּנֶת;מְתַקְּנִים;מְתַקְּנוֹת;תִּיקַּנְתִּי;תִּיקַּנּוּ;תִּיקַּנְתָּ;תִּיקַּנְתְּ;תִּיקַּנְתֶּם;תִּיקַּנְתֶּן;תִּיקֵּן;תִּיקְּנָה;תִּיקְּנוּ;אֲתַקֵּן;נְתַקֵּן;תְּתַקֵּן;תְּתַקְּנִי;תְּתַקְּנוּ;תְּתַקֵּנָּה;יְתַקֵּן;תְּתַקֵּן;יְתַקְּנוּ;תְּתַקֵּנָּה;תַּקֵּן!‏;תַּקְּנִי!‏;תַּקְּנוּ!‏;תַּקֵּנָּה!‏;לְתַקֵּן;ת - ק - ן
172;https://www.pealim.com/dict/1377-lesamen/;PI'EL;to indicate, to mark;מְסַמֵּן;מְסַמֶּנֶת;מְסַמְּנִים;מְסַמְּנוֹת;סִימַּנְתִּי;סִימַּנּוּ;סִימַּנְתָּ;סִימַּנְתְּ;סִימַּנְתֶּם;סִימַּנְתֶּן;סִימֵּן;סִימְּנָה;סִימְּנוּ;אֲסַמֵּן;נְסַמֵּן;תְּסַמֵּן;תְּסַמְּנִי;תְּסַמְּנוּ;תְּסַמֵּנָּה;יְסַמֵּן;תְּסַמֵּן;יְסַמְּנוּ;תְּסַמֵּנָּה;סַמֵּן!‏;סַמְּנִי!‏;סַמְּנוּ!‏;סַמֵּנָּה!‏;לְסַמֵּן;ס - מ - ן
173;https://www.pealim.com/dict/1210-lenasot/;PI'EL;to try, to attempt, to test;מְנַסֶּה;מְנַסָּה;מְנַסִּים;מְנַסּוֹת;נִיסִּיתִי;נִיסִּינוּ;נִיסִּיתָ;נִיסִּית;נִיסִּיתֶם;נִיסִּיתֶן;נִיסָּה;נִיסְּתָה;נִיסּוּ;אֲנַסֶּה;נְנַסֶּה;תְּנַסֶּה;תְּנַסִּי;תְּנַסּוּ;תְּנַסֶּינָה;יְנַסֶּה;תְּנַסֶּה;יְנַסּוּ;תְּנַסֶּינָה;נַסֵּה!‏;נַסִּי!‏;נַסּוּ!‏;נַסֶּינָה!‏;לְנַסּוֹת;נ - ס - ה
174;https://www.pealim.com/dict/1320-lesader/;PI'EL;to organize, to tidy, to arrange;מְסַדֵּר;מְסַדֶּרֶת;מְסַדְּרִים;מְסַדְּרוֹת;סִידַּרְתִּי;סִידַּרְנוּ;סִידַּרְתָּ;סִידַּרְתְּ;סִידַּרְתֶּם;סִידַּרְתֶּן;סִידֵּר;סִידְּרָה;סִידְּרוּ;אֲסַדֵּר;נְסַדֵּר;תְּסַדֵּר;תְּסַדְּרִי;תְּסַדְּרוּ;תְּסַדֵּרְנָה;יְסַדֵּר;תְּסַדֵּר;יְסַדְּרוּ;תְּסַדֵּרְנָה;סַדֵּר!‏;סַדְּרִי!‏;סַדְּרוּ!‏;סַדֵּרְנָה!‏;לְסַדֵּר;ס - ד - ר
175;https://www.pealim.com/dict/1807-letzaltzel/;PI'EL;to ring, to chime;מְצַלְצֵל;מְצַלְצֶלֶת;מְצַלְצְלִים;מְצַלְצְלוֹת;צִלְצַלְתִּי;צִלְצַלְנוּ;צִלְצַלְתָּ;צִלְצַלְתְּ;צִלְצַלְתֶּם;צִלְצַלְתֶּן;צִלְצֵל;צִלְצְלָה;צִלְצְלוּ;אֲצַלְצֵל;נְצַלְצֵל;תְּצַלְצֵל;תְּצַלְצְלִי;תְּצַלְצְלוּ;תְּצַלְצֵלְנָה;יְצַלְצֵל;תְּצַלְצֵל;יְצַלְצְלוּ;תְּצַלְצֵלְנָה;צַלְצֵל!‏;צַלְצְלִי!‏;צַלְצְלוּ!‏;צַלְצֵלְנָה!‏;לְצַלְצֵל;צ - ל - צ - ל
176;https://www.pealim.com/dict/1802-letzalem/;PI'EL;"to photograph; to film; to photocopy";מְצַלֵּם;מְצַלֶּמֶת;מְצַלְּמִים;מְצַלְּמוֹת;צִילַּמְתִּי;צִילַּמְנוּ;צִילַּמְתָּ;צִילַּמְתְּ;צִילַּמְתֶּם;צִילַּמְתֶּן;צִילֵּם;צִילְּמָה;צִילְּמוּ;אֲצַלֵּם;נְצַלֵּם;תְּצַלֵּם;תְּצַלְּמִי;תְּצַלְּמוּ;תְּצַלֵּמְנָה;יְצַלֵּם;תְּצַלֵּם;יְצַלְּמוּ;תְּצַלֵּמְנָה;צַלֵּם!‏;צַלְּמִי!‏;צַלְּמוּ!‏;צַלֵּמְנָה!‏;לְצַלֵּם;צ - ל - ם
177;https://www.pealim.com/dict/551-lechaber/;PI'EL;to connect, to join;מְחַבֵּר;מְחַבֶּרֶת;מְחַבְּרִים;מְחַבְּרוֹת;חִיבַּרְתִּי;חִיבַּרְנוּ;חִיבַּרְתָּ;חִיבַּרְתְּ;חִיבַּרְתֶּם;חִיבַּרְתֶּן;חִיבֵּר;חִיבְּרָה;חִיבְּרוּ;אֲחַבֵּר;נְחַבֵּר;תְּחַבֵּר;תְּחַבְּרִי;תְּחַבְּרוּ;תְּחַבֵּרְנָה;יְחַבֵּר;תְּחַבֵּר;יְחַבְּרוּ;תְּחַבֵּרְנָה;חַבֵּר!‏;חַבְּרִי!‏;חַבְּרוּ!‏;חַבֵּרְנָה!‏;לְחַבֵּר;ח - ב - ר
178;https://www.pealim.com/dict/594-lechakot/;PI'EL;to await, to wait for (ל-);מְחַכֶּה;מְחַכָּה;מְחַכִּים;מְחַכּוֹת;חִיכִּיתִי;חִיכִּינוּ;חִיכִּיתָ;חִיכִּית;חִיכִּיתֶם;חִיכִּיתֶן;חִיכָּה;חִיכְּתָה;חִיכּוּ;אֲחַכֶּה;נְחַכֶּה;תְּחַכֶּה;תְּחַכִּי;תְּחַכּוּ;תְּחַכֶּינָה;יְחַכֶּה;תְּחַכֶּה;יְחַכּוּ;תְּחַכֶּינָה;חַכֵּה!‏;חַכִּי!‏;חַכּוּ!‏;חַכֶּינָה!‏;לְחַכּוֹת;ח - כ - ה
179;https://www.pealim.com/dict/2172-lesachek/;PI'EL;"to play (a game); to play a role";מְשַׂחֵק;מְשַׂחֶקֶת;מְשַׂחֲקִים;מְשַׂחֲקוֹת;שִׂיחַקְתִּי;שִׂיחַקְנוּ;שִׂיחַקְתָּ;שִׂיחַקְתְּ;שִׂיחַקְתֶּם;שִׂיחַקְתֶּן;שִׂיחֵק;שִׂיחֲקָה;שִׂיחֲקוּ;אֲשַׂחֵק;נְשַׂחֵק;תְּשַׂחֵק;תְּשַׂחֲקִי;תְּשַׂחֲקוּ;תְּשַׂחֵקְנָה;יְשַׂחֵק;תְּשַׂחֵק;יְשַׂחֲקוּ;תְּשַׂחֵקְנָה;שַׂחֵק!‏;שַׂחֲקִי!‏;שַׂחֲקוּ!‏;שַׂחֵקְנָה!‏;לְשַׂחֵק;שׂ - ח - ק
180;https://www.pealim.com/dict/2232-leshalem/;PI'EL;to pay;מְשַׁלֵּם;מְשַׁלֶּמֶת;מְשַׁלְּמִים;מְשַׁלְּמוֹת;שִׁילַּמְתִּי;שִׁילַּמְנוּ;שִׁילַּמְתָּ;שִׁילַּמְתְּ;שִׁילַּמְתֶּם;שִׁילַּמְתֶּן;שִׁילֵּם;שִׁילְּמָה;שִׁילְּמוּ;אֲשַׁלֵּם;נְשַׁלֵּם;תְּשַׁלֵּם;תְּשַׁלְּמִי;תְּשַׁלְּמוּ;תְּשַׁלֵּמְנָה;יְשַׁלֵּם;תְּשַׁלֵּם;יְשַׁלְּמוּ;תְּשַׁלֵּמְנָה;שַׁלֵּם!‏;שַׁלְּמִי!‏;שַׁלְּמוּ!‏;שַׁלֵּמְנָה!‏;לְשַׁלֵּם;שׁ - ל - ם
181;https://www.pealim.com/dict/1850-lekabel/;PI'EL;"to receive, to get; to accept";מְקַבֵּל;מְקַבֶּלֶת;מְקַבְּלִים;מְקַבְּלוֹת;קִיבַּלְתִּי;קִיבַּלְנוּ;קִיבַּלְתָּ;קִיבַּלְתְּ;קִיבַּלְתֶּם;קִיבַּלְתֶּן;קִיבֵּל;קִיבְּלָה;קִיבְּלוּ;אֲקַבֵּל;נְקַבֵּל;תְּקַבֵּל;תְּקַבְּלִי;תְּקַבְּלוּ;תְּקַבֵּלְנָה;יְקַבֵּל;תְּקַבֵּל;יְקַבְּלוּ;תְּקַבֵּלְנָה;קַבֵּל!‏;קַבְּלִי!‏;קַבְּלוּ!‏;קַבֵּלְנָה!‏;לְקַבֵּל;ק - ב - ל
182;https://www.pealim.com/dict/255-levakesh/;PI'EL;to ask, to request, to seek;מְבַקֵּשׁ;מְבַקֶּשֶׁת;מְבַקְּשִׁים;מְבַקְּשׁוֹת;בִּיקַּשְׁתִּי;בִּיקַּשְׁנוּ;בִּיקַּשְׁתָּ;בִּיקַּשְׁתְּ;בִּיקַּשְׁתֶּם;בִּיקַּשְׁתֶּן;בִּיקֵּשׁ;בִּיקְּשָׁה;בִּיקְּשׁוּ;אֲבַקֵּשׁ;נְבַקֵּשׁ;תְּבַקֵּשׁ;תְּבַקְּשִׁי;תְּבַקְּשׁוּ;תְּבַקֵּשְׁנָה;יְבַקֵּשׁ;תְּבַקֵּשׁ;יְבַקְּשׁוּ;תְּבַקֵּשְׁנָה;בַּקֵּשׁ!‏;בַּקְּשִׁי!‏;בַּקְּשׁוּ!‏;בַּקֵּשְׁנָה!‏;לְבַקֵּשׁ;ב - ק - שׁ
183;https://www.pealim.com/dict/14-lenagen/;PI'EL;to play music (a musical instrument) (ב-);מְנַגֵּן;מְנַגֶּנֶת;מְנַגְּנִים;מְנַגְּנוֹת;נִיגַּנְתִּי;נִיגַּנּוּ;נִיגַּנְתָּ;נִיגַּנְתְּ;נִיגַּנְתֶּם;נִיגַּנְתֶּן;נִיגֵּן;נִיגְּנָה;נִיגְּנוּ;אֲנַגֵּן;נְנַגֵּן;תְּנַגֵּן;תְּנַגְּנִי;תְּנַגְּנוּ;תְּנַגֵּנָּה;יְנַגֵּן;תְּנַגֵּן;יְנַגְּנוּ;תְּנַגֵּנָּה;נַגֵּן!‏;נַגְּנִי!‏;נַגְּנוּ!‏;נַגֵּנָּה!‏;לְנַגֵּן;נ - ג - ן
184;https://www.pealim.com/dict/1409-lesaper/;PI'EL;"to relate, to tell (a story), to read; to cut (hair)";מְסַפֵּר;מְסַפֶּרֶת;מְסַפְּרִים;מְסַפְּרוֹת;סִיפַּרְתִּי;סִיפַּרְנוּ;סִיפַּרְתָּ;סִיפַּרְתְּ;סִיפַּרְתֶּם;סִיפַּרְתֶּן;סִיפֵּר;סִיפְּרָה;סִיפְּרוּ;אֲסַפֵּר;נְסַפֵּר;תְּסַפֵּר;תְּסַפְּרִי;תְּסַפְּרוּ;תְּסַפֵּרְנָה;יְסַפֵּר;תְּסַפֵּר;יְסַפְּרוּ;תְּסַפֵּרְנָה;סַפֵּר!‏;סַפְּרִי!‏;סַפְּרוּ!‏;סַפֵּרְנָה!‏;לְסַפֵּר;ס - פ - ר
185;https://www.pealim.com/dict/2-ledaber/;PI'EL;to speak, to talk;מְדַבֵּר;מְדַבֶּרֶת;מְדַבְּרִים;מְדַבְּרוֹת;דִּיבַּרְתִּי;דִּיבַּרְנוּ;דִּיבַּרְתָּ;דִּיבַּרְתְּ;דִּיבַּרְתֶּם;דִּיבַּרְתֶּן;דִּיבֵּר;דִּיבְּרָה;דִּיבְּרוּ;אֲדַבֵּר;נְדַבֵּר;תְּדַבֵּר;תְּדַבְּרִי;תְּדַבְּרוּ;תְּדַבֵּרְנָה;יְדַבֵּר;תְּדַבֵּר;יְדַבְּרוּ;תְּדַבֵּרְנָה;דַּבֵּר!‏;דַּבְּרִי!‏;דַּבְּרוּ!‏;דַּבֵּרְנָה!‏;לְדַבֵּר;ד - ב - ר
186;https://www.pealim.com/dict/1828-letzapot/;PI'EL;to expect, to await, to look forward to, to anticipate (ל-);מְצַפֶּה;מְצַפָּה;מְצַפִּים;מְצַפּוֹת;צִיפִּיתִי;צִיפִּינוּ;צִיפִּיתָ;צִיפִּית;צִיפִּיתֶם;צִיפִּיתֶן;צִיפָּה;צִיפְּתָה;צִיפּוּ;אֲצַפֶּה;נְצַפֶּה;תְּצַפֶּה;תְּצַפִּי;תְּצַפּוּ;תְּצַפֶּינָה;יְצַפֶּה;תְּצַפֶּה;יְצַפּוּ;תְּצַפֶּינָה;צַפֵּה!‏;צַפִּי!‏;צַפּוּ!‏;צַפֶּינָה!‏;לְצַפּוֹת;צ - פ - ה
187;https://www.pealim.com/dict/663-lechapes/;PI'EL;to search;מְחַפֵּשׂ;מְחַפֶּשֶׂת;מְחַפְּשִׂים;מְחַפְּשׂוֹת;חִיפַּשְׂתִּי;חִיפַּשְׂנוּ;חִיפַּשְׂתָּ;חִיפַּשְׂתְּ;חִיפַּשְׂתֶּם;חִיפַּשְׂתֶּן;חִיפֵּשׂ;חִיפְּשָׂה;חִיפְּשׂוּ;אֲחַפֵּשׂ;נְחַפֵּשׂ;תְּחַפֵּשׂ;תְּחַפְּשִׂי;תְּחַפְּשׂוּ;תְּחַפֵּשְׂנָה;יְחַפֵּשׂ;תְּחַפֵּשׂ;יְחַפְּשׂוּ;תְּחַפֵּשְׂנָה;חַפֵּשׂ!‏;חַפְּשִׂי!‏;חַפְּשׂוּ!‏;חַפֵּשְׂנָה!‏;לְחַפֵּשׂ;ח - פ - שׂ
188;https://www.pealim.com/dict/2400-letargel/;PI'EL;"to practise; to train someone; to rehearse";מְתַרְגֵּל;מְתַרְגֶּלֶת;מְתַרְגְּלִים;מְתַרְגְּלוֹת;תִּרְגַּלְתִּי;תִּרְגַּלְנוּ;תִּרְגַּלְתָּ;תִּרְגַּלְתְּ;תִּרְגַּלְתֶּם;תִּרְגַּלְתֶּן;תִּרְגֵּל;תִּרְגְּלָה;תִּרְגְּלוּ;אֲתַרְגֵּל;נְתַרְגֵּל;תְּתַרְגֵּל;תְּתַרְגְּלִי;תְּתַרְגְּלוּ;תְּתַרְגֵּלְנָה;יְתַרְגֵּל;תְּתַרְגֵּל;יְתַרְגְּלוּ;תְּתַרְגֵּלְנָה;תַּרְגֵּל!‏;תַּרְגְּלִי!‏;תַּרְגְּלוּ!‏;תַּרְגֵּלְנָה!‏;לְתַרְגֵּל;ת - ר - ג - ל
189;https://www.pealim.com/dict/1343-lesayem/;PI'EL;to finish, to complete;מְסַייֵּם;מְסַייֶּמֶת;מְסַייְּמִים;מְסַייְּמוֹת;סִייַּמְתִּי;סִייַּמְנוּ;סִייַּמְתָּ;סִייַּמְתְּ;סִייַּמְתֶּם;סִייַּמְתֶּן;סִייֵּם;סִייְּמָה;סִייְּמוּ;אֲסַייֵּם;נְסַייֵּם;תְּסַייֵּם;תְּסַייְּמִי;תְּסַייְּמוּ;תְּסַייֵּמְנָה;יְסַייֵּם;תְּסַייֵּם;יְסַייְּמוּ;תְּסַייֵּמְנָה;סַייֵּם!‏;סַייְּמִי!‏;סַייְּמוּ!‏;סַייֵּמְנָה!‏;לְסַייֵּם;ס - י - ם
190;https://www.pealim.com/dict/1558-learbev/;PI'EL;to mix, to mess up;מְעַרְבֵּב;מְעַרְבֶּבֶת;מְעַרְבְּבִים;מְעַרְבְּבוֹת;עִרְבַּבְתִּי;עִרְבַּבְנוּ;עִרְבַּבְתָּ;עִרְבַּבְתְּ;עִרְבַּבְתֶּם;עִרְבַּבְתֶּן;עִרְבֵּב;עִרְבְּבָה;עִרְבְּבוּ;אֲעַרְבֵּב;נְעַרְבֵּב;תְּעַרְבֵּב;תְּעַרְבְּבִי;תְּעַרְבְּבוּ;תְּעַרְבֵּבְנָה;יְעַרְבֵּב;תְּעַרְבֵּב;יְעַרְבְּבוּ;תְּעַרְבֵּבְנָה;עַרְבֵּב!‏;עַרְבְּבִי!‏;עַרְבְּבוּ!‏;עַרְבֵּבְנָה!‏;לְעַרְבֵּב;ע - ר - ב - ב
191;https://www.pealim.com/dict/87-leachel/;PI'EL;to wish, to congratulate;מְאַחֵל;מְאַחֶלֶת;מְאַחֲלִים;מְאַחֲלוֹת;אִיחַלְתִּי;אִיחַלְנוּ;אִיחַלְתָּ;אִיחַלְתְּ;אִיחַלְתֶּם;אִיחַלְתֶּן;אִיחֵל;אִיחֲלָה;אִיחֲלוּ;אֲאַחֵל;נְאַחֵל;תְּאַחֵל;תְּאַחֲלִי;תְּאַחֲלוּ;תְּאַחֵלְנָה;יְאַחֵל;תְּאַחֵל;יְאַחֲלוּ;תְּאַחֵלְנָה;אַחֵל!‏;אַחֲלִי!‏;אַחֲלוּ!‏;אַחֵלְנָה!‏;לְאַחֵל;א - ח - ל
192;https://www.pealim.com/dict/908-lechayef/;PI'EL;to enjoy oneself, to have a good time;מְכַייֵּף;מְכַייֶּפֶת;מְכַייְּפִים;מְכַייְּפוֹת;כִּייַּפְתִּי;כִּייַּפְנוּ;כִּייַּפְתָּ;כִּייַּפְתְּ;כִּייַּפְתֶּם;כִּייַּפְתֶּן;כִּייֵּף;כִּייְּפָה;כִּייְּפוּ;אֲכַייֵּף;נְכַייֵּף;תְּכַייֵּף;תְּכַייְּפִי;תְּכַייְּפוּ;תְּכַייֵּפְנָה;יְכַייֵּף;תְּכַייֵּף;יְכַייְּפוּ;תְּכַייֵּפְנָה;כַּייֵּף!‏;כַּייְּפִי!‏;כַּייְּפוּ!‏;כַּייֵּפְנָה!‏;לְכַייֵּף;כ - י - ף
193;https://www.pealim.com/dict/1053-lemale/;PI'EL;"to fill; to fill out; to fulfil";מְמַלֵּא;מְמַלְּאָה;מְמַלְּאִים;מְמַלְּאוֹת;מִילֵּאתִי;מִילֵּאנוּ;מִילֵּאתָ;מִילֵּאת;מִילֵּאתֶם;מִילֵּאתֶן;מִילֵּא;מִילְּאָה;מִילְּאוּ;אֲמַלֵּא;נְמַלֵּא;תְּמַלֵּא;תְּמַלְּאִי;תְּמַלְּאוּ;תְּמַלֶּאנָה;יְמַלֵּא;תְּמַלֵּא;יְמַלְּאוּ;תְּמַלֶּאנָה;מַלֵּא!‏;מַלְּאִי!‏;מַלְּאוּ!‏;מַלֶּאנָה!‏;לְמַלֵּא;מ - ל - א
194;https://www.pealim.com/dict/269-levarer/;PI'EL;to find out, to clarify;מְבָרֵר;מְבָרֶרֶת;מְבָרְרִים;מְבָרְרוֹת;בֵּירַרְתִּי;בֵּירַרְנוּ;בֵּירַרְתָּ;בֵּירַרְתְּ;בֵּירַרְתֶּם;בֵּירַרְתֶּן;בֵּירֵר;בֵּירְרָה;בֵּירְרוּ;אֲבָרֵר;נְבָרֵר;תְּבָרֵר;תְּבָרְרִי;תְּבָרְרוּ;תְּבָרֵרְנָה;יְבָרֵר;תְּבָרֵר;יְבָרְרוּ;תְּבָרֵרְנָה;בָּרֵר!‏;בָּרְרִי!‏;בָּרְרוּ!‏;בָּרֵרְנָה!‏;לְבָרֵר;ב - ר - ר
195;https://www.pealim.com/dict/273-levashel/;PI'EL;to cook, to boil;מְבַשֵּׁל;מְבַשֶּׁלֶת;מְבַשְּׁלִים;מְבַשְּׁלוֹת;בִּישַּׁלְתִּי;בִּישַּׁלְנוּ;בִּישַּׁלְתָּ;בִּישַּׁלְתְּ;בִּישַּׁלְתֶּם;בִּישַּׁלְתֶּן;בִּישֵּׁל;בִּישְּׁלָה;בִּישְּׁלוּ;אֲבַשֵּׁל;נְבַשֵּׁל;תְּבַשֵּׁל;תְּבַשְּׁלִי;תְּבַשְּׁלוּ;תְּבַשֵּׁלְנָה;יְבַשֵּׁל;תְּבַשֵּׁל;יְבַשְּׁלוּ;תְּבַשֵּׁלְנָה;בַּשֵּׁל!‏;בַּשְּׁלִי!‏;בַּשְּׁלוּ!‏;בַּשֵּׁלְנָה!‏;לְבַשֵּׁל;ב - שׁ - ל
196;https://www.pealim.com/dict/1029-lemaher/;PI'EL;to hurry;מְמַהֵר;מְמַהֶרֶת;מְמַהֲרִים;מְמַהֲרוֹת;מִיהַרְתִּי;מִיהַרְנוּ;מִיהַרְתָּ;מִיהַרְתְּ;מִיהַרְתֶּם;מִיהַרְתֶּן;מִיהֵר;מִיהֲרָה;מִיהֲרוּ;אֲמַהֵר;נְמַהֵר;תְּמַהֵר;תְּמַהֲרִי;תְּמַהֲרוּ;תְּמַהֵרְנָה;יְמַהֵר;תְּמַהֵר;יְמַהֲרוּ;תְּמַהֵרְנָה;מַהֵר!‏;מַהֲרִי!‏;מַהֲרוּ!‏;מַהֵרְנָה!‏;לְמַהֵר;מ - ה - ר
197;https://www.pealim.com/dict/1958-lekarer/;PI'EL;to cool (something);מְקָרֵר;מְקָרֶרֶת;מְקָרְרִים;מְקָרְרוֹת;קֵירַרְתִּי;קֵירַרְנוּ;קֵירַרְתָּ;קֵירַרְתְּ;קֵירַרְתֶּם;קֵירַרְתֶּן;קֵירֵר;קֵירְרָה;קֵירְרוּ;אֲקָרֵר;נְקָרֵר;תְּקָרֵר;תְּקָרְרִי;תְּקָרְרוּ;תְּקָרֵרְנָה;יְקָרֵר;תְּקָרֵר;יְקָרְרוּ;תְּקָרֵרְנָה;קָרֵר!‏;קָרְרִי!‏;קָרְרוּ!‏;קָרֵרְנָה!‏;לְקָרֵר;ק - ר - ר
198;https://www.pealim.com/dict/254-levaker/;PI'EL;"to visit (ב־); to criticise (את)";מְבַקֵּר;מְבַקֶּרֶת;מְבַקְּרִים;מְבַקְּרוֹת;בִּיקַּרְתִּי;בִּיקַּרְנוּ;בִּיקַּרְתָּ;בִּיקַּרְתְּ;בִּיקַּרְתֶּם;בִּיקַּרְתֶּן;בִּיקֵּר;בִּיקְּרָה;בִּיקְּרוּ;אֲבַקֵּר;נְבַקֵּר;תְּבַקֵּר;תְּבַקְּרִי;תְּבַקְּרוּ;תְּבַקֵּרְנָה;יְבַקֵּר;תְּבַקֵּר;יְבַקְּרוּ;תְּבַקֵּרְנָה;בַּקֵּר!‏;בַּקְּרִי!‏;בַּקְּרוּ!‏;בַּקֵּרְנָה!‏;לְבַקֵּר;ב - ק - ר
199;https://www.pealim.com/dict/1004-lelachlech/;PI'EL;to dirty, to soil;מְלַכְלֵךְ;מְלַכְלֶכֶת;מְלַכְלְכִים;מְלַכְלְכוֹת;לִכְלַכְתִּי;לִכְלַכְנוּ;לִכְלַכְתָּ;לִכְלַכְתְּ;לִכְלַכְתֶּם;לִכְלַכְתֶּן;לִכְלֵךְ;לִכְלְכָה;לִכְלְכוּ;אֲלַכְלֵךְ;נְלַכְלֵךְ;תְּלַכְלֵךְ;תְּלַכְלְכִי;תְּלַכְלְכוּ;תְּלַכְלֵכְנָה;יְלַכְלֵךְ;תְּלַכְלֵךְ;יְלַכְלְכוּ;תְּלַכְלֵכְנָה;לַכְלֵךְ!‏;לַכְלְכִי!‏;לַכְלְכוּ!‏;לַכְלֵכְנָה!‏;לְלַכְלֵךְ;ל - כ - ל - ך
200;https://www.pealim.com/dict/88-leacher/;PI'EL;to be late;מְאַחֵר;מְאַחֶרֶת;מְאַחֲרִים;מְאַחֲרוֹת;אִיחַרְתִּי;אִיחַרְנוּ;אִיחַרְתָּ;אִיחַרְתְּ;אִיחַרְתֶּם;אִיחַרְתֶּן;אִיחֵר;אִיחֲרָה;אִיחֲרוּ;אֲאַחֵר;נְאַחֵר;תְּאַחֵר;תְּאַחֲרִי;תְּאַחֲרוּ;תְּאַחֵרְנָה;יְאַחֵר;תְּאַחֵר;יְאַחֲרוּ;תְּאַחֵרְנָה;אַחֵר!‏;אַחֲרִי!‏;אַחֲרוּ!‏;אַחֵרְנָה!‏;לְאַחֵר;א - ח - ר
201;https://www.pealim.com/dict/761-letapel/;PI'EL;to treat, to take care (ב-);מְטַפֵּל;מְטַפֶּלֶת;מְטַפְּלִים;מְטַפְּלוֹת;טִיפַּלְתִּי;טִיפַּלְנוּ;טִיפַּלְתָּ;טִיפַּלְתְּ;טִיפַּלְתֶּם;טִיפַּלְתֶּן;טִיפֵּל;טִיפְּלָה;טִיפְּלוּ;אֲטַפֵּל;נְטַפֵּל;תְּטַפֵּל;תְּטַפְּלִי;תְּטַפְּלוּ;תְּטַפֵּלְנָה;יְטַפֵּל;תְּטַפֵּל;יְטַפְּלוּ;תְּטַפֵּלְנָה;טַפֵּל!‏;טַפְּלִי!‏;טַפְּלוּ!‏;טַפֵּלְנָה!‏;לְטַפֵּל;ט - פ - ל
202;https://www.pealim.com/dict/1874-lekavot/;PI'EL;to hope;מְקַווֶּה;מְקַווָּה;מְקַווִּים;מְקַוּוֹת;קִיווִּיתִי;קִיווִּינוּ;קִיווִּיתָ;קִיווִּית;קִיווִּיתֶם;קִיווִּיתֶן;קִיווָּה;קִיווְּתָה;קִיוּוּ;אֲקַווֶּה;נְקַווֶּה;תְּקַווֶּה;תְּקַווִּי;תְּקַוּוּ;תְּקַווֶּינָה;יְקַווֶּה;תְּקַווֶּה;יְקַוּוּ;תְּקַווֶּינָה;קַווֵּה!‏;קַווִּי!‏;קַוּוּ!‏;קַווֶּינָה!‏;לְקַוּוֹת;ק - ו - ה
203;https://www.pealim.com/dict/24-leshanot/;PI'EL;to change (something);מְשַׁנֶּה;מְשַׁנָּה;מְשַׁנִּים;מְשַׁנּוֹת;שִׁינִּיתִי;שִׁינִּינוּ;שִׁינִּיתָ;שִׁינִּית;שִׁינִּיתֶם;שִׁינִּיתֶן;שִׁינָּה;שִׁינְּתָה;שִׁינּוּ;אֲשַׁנֶּה;נְשַׁנֶּה;תְּשַׁנֶּה;תְּשַׁנִּי;תְּשַׁנּוּ;תְּשַׁנֶּינָה;יְשַׁנֶּה;תְּשַׁנֶּה;יְשַׁנּוּ;תְּשַׁנֶּינָה;שַׁנֵּה!‏;שַׁנִּי!‏;שַׁנּוּ!‏;שַׁנֶּינָה!‏;לְשַׁנּוֹת;שׁ - נ - ה
204;https://www.pealim.com/dict/222-levalot/;PI'EL;"to spend, to wear out; to have a good time";מְבַלֶּה;מְבַלָּה;מְבַלִּים;מְבַלּוֹת;בִּילִּיתִי;בִּילִּינוּ;בִּילִּיתָ;בִּילִּית;בִּילִּיתֶם;בִּילִּיתֶן;בִּילָּה;בִּילְּתָה;בִּילּוּ;אֲבַלֶּה;נְבַלֶּה;תְּבַלֶּה;תְּבַלִּי;תְּבַלּוּ;תְּבַלֶּינָה;יְבַלֶּה;תְּבַלֶּה;יְבַלּוּ;תְּבַלֶּינָה;בַּלֵּה!‏;בַּלִּי!‏;בַּלּוּ!‏;בַּלֶּינָה!‏;לְבַלּוֹת;ב - ל - ה
205;https://www.pealim.com/dict/1252-lenakot/;PI'EL;to clean, to tidy up;מְנַקֶּה;מְנַקָּה;מְנַקִּים;מְנַקּוֹת;נִיקִּיתִי;נִיקִּינוּ;נִיקִּיתָ;נִיקִּית;נִיקִּיתֶם;נִיקִּיתֶן;נִיקָּה;נִיקְּתָה;נִיקּוּ;אֲנַקֶּה;נְנַקֶּה;תְּנַקֶּה;תְּנַקִּי;תְּנַקּוּ;תְּנַקֶּינָה;יְנַקֶּה;תְּנַקֶּה;יְנַקּוּ;תְּנַקֶּינָה;נַקֵּה!‏;נַקִּי!‏;נַקּוּ!‏;נַקֶּינָה!‏;לְנַקּוֹת;נ - ק - ה
206;https://www.pealim.com/dict/42-lelamed/;PI'EL;to teach, to tutor;מְלַמֵּד;מְלַמֶּדֶת;מְלַמְּדִים;מְלַמְּדוֹת;לִימַּדְתִּי;לִימַּדְנוּ;לִימַּדְתָּ;לִימַּדְתְּ;לִימַּדְתֶּם;לִימַּדְתֶּן;לִימֵּד;לִימְּדָה;לִימְּדוּ;אֲלַמֵּד;נְלַמֵּד;תְּלַמֵּד;תְּלַמְּדִי;תְּלַמְּדוּ;תְּלַמֵּדְנָה;יְלַמֵּד;תְּלַמֵּד;יְלַמְּדוּ;תְּלַמֵּדְנָה;לַמֵּד!‏;לַמְּדִי!‏;לַמְּדוּ!‏;לַמֵּדְנָה!‏;לְלַמֵּד;ל - מ - ד
207;https://www.pealim.com/dict/1642-lefanot/;PI'EL;"to clear off, to clean off; to evacuate (someone)";מְפַנֶּה;מְפַנָּה;מְפַנִּים;מְפַנּוֹת;פִּינִּיתִי;פִּינִּינוּ;פִּינִּיתָ;פִּינִּית;פִּינִּיתֶם;פִּינִּיתֶן;פִּינָּה;פִּינְּתָה;פִּינּוּ;אֲפַנֶּה;נְפַנֶּה;תְּפַנֶּה;תְּפַנִּי;תְּפַנּוּ;תְּפַנֶּינָה;יְפַנֶּה;תְּפַנֶּה;יְפַנּוּ;תְּפַנֶּינָה;פַּנֵּה!‏;פַּנִּי!‏;פַּנּוּ!‏;פַּנֶּינָה!‏;לְפַנּוֹת;פ - נ - ה